"年","月","日","都道府県","PCR検査陽性者数","PCR検査人数","患者数（2020年3月28日からは感染者数）","現在は入院等","退院者","死亡者"
2020,3,11,"北海道",118,1069,0,0,0,0
2020,3,11,"青森",0,58,0,0,0,0
2020,3,11,"岩手",0,20,0,0,0,0
2020,3,11,"宮城",1,94,0,0,0,0
2020,3,11,"秋田",2,40,0,0,0,0
2020,3,11,"山形",0,96,0,0,0,0
2020,3,11,"福島",1,93,0,0,0,0
2020,3,11,"茨城",0,302,0,0,0,0
2020,3,11,"栃木",2,170,0,0,0,0
2020,3,11,"群馬",1,81,0,0,0,0
2020,3,11,"埼玉",12,264,0,0,0,0
2020,3,11,"千葉",25,0,0,0,0,0
2020,3,11,"東京",73,1440,0,0,0,0
2020,3,11,"神奈川",43,0,0,0,0,0
2020,3,11,"新潟",11,0,0,0,0,0
2020,3,11,"富山",0,44,0,0,0,0
2020,3,11,"石川",7,134,0,0,0,0
2020,3,11,"福井",0,71,0,0,0,0
2020,3,11,"山梨",2,236,0,0,0,0
2020,3,11,"長野",3,231,0,0,0,0
2020,3,11,"岐阜",2,201,0,0,0,0
2020,3,11,"静岡",2,0,0,0,0,0
2020,3,11,"愛知",104,274,0,0,0,0
2020,3,11,"三重",2,155,0,0,0,0
2020,3,11,"滋賀",1,88,0,0,0,0
2020,3,11,"京都",15,440,0,0,0,0
2020,3,11,"大阪",81,0,0,0,0,0
2020,3,11,"兵庫",35,443,0,0,0,0
2020,3,11,"奈良",8,102,0,0,0,0
2020,3,11,"和歌山",14,982,0,0,0,0
2020,3,11,"鳥取",0,82,0,0,0,0
2020,3,11,"島根",0,64,0,0,0,0
2020,3,11,"岡山",0,125,0,0,0,0
2020,3,11,"広島",1,290,0,0,0,0
2020,3,11,"山口",3,113,0,0,0,0
2020,3,11,"徳島",1,62,0,0,0,0
2020,3,11,"香川",0,88,0,0,0,0
2020,3,11,"愛媛",2,149,0,0,0,0
2020,3,11,"高知",12,157,0,0,0,0
2020,3,11,"福岡",3,492,0,0,0,0
2020,3,11,"佐賀",0,47,0,0,0,0
2020,3,11,"長崎",0,133,0,0,0,0
2020,3,11,"熊本",6,0,0,0,0,0
2020,3,11,"大分",1,137,0,0,0,0
2020,3,11,"宮崎",1,78,0,0,0,0
2020,3,11,"鹿児島",0,0,0,0,0,0
2020,3,11,"沖縄",3,190,0,0,0,0
2020,3,12,"北海道",128,1250,0,0,0,0
2020,3,12,"青森",0,66,0,0,0,0
2020,3,12,"岩手",0,22,0,0,0,0
2020,3,12,"宮城",1,100,0,0,0,0
2020,3,12,"秋田",2,92,0,0,0,0
2020,3,12,"山形",0,103,0,0,0,0
2020,3,12,"福島",1,100,0,0,0,0
2020,3,12,"茨城",0,342,0,0,0,0
2020,3,12,"栃木",2,193,0,0,0,0
2020,3,12,"群馬",1,103,0,0,0,0
2020,3,12,"埼玉",18,440,0,0,0,0
2020,3,12,"千葉",27,0,0,0,0,0
2020,3,12,"東京",75,1524,0,0,0,0
2020,3,12,"神奈川",43,0,0,0,0,0
2020,3,12,"新潟",14,0,0,0,0,0
2020,3,12,"富山",0,47,0,0,0,0
2020,3,12,"石川",7,144,0,0,0,0
2020,3,12,"福井",0,73,0,0,0,0
2020,3,12,"山梨",2,251,0,0,0,0
2020,3,12,"長野",3,245,0,0,0,0
2020,3,12,"岐阜",2,205,0,0,0,0
2020,3,12,"静岡",3,0,0,0,0,0
2020,3,12,"愛知",111,1009,0,0,0,0
2020,3,12,"三重",7,181,0,0,0,0
2020,3,12,"滋賀",1,91,0,0,0,0
2020,3,12,"京都",17,544,0,0,0,0
2020,3,12,"大阪",90,0,0,0,0,0
2020,3,12,"兵庫",43,540,0,0,0,0
2020,3,12,"奈良",8,113,0,0,0,0
2020,3,12,"和歌山",14,996,0,0,0,0
2020,3,12,"鳥取",0,86,0,0,0,0
2020,3,12,"島根",0,76,0,0,0,0
2020,3,12,"岡山",0,141,0,0,0,0
2020,3,12,"広島",1,376,0,0,0,0
2020,3,12,"山口",3,122,0,0,0,0
2020,3,12,"徳島",1,67,0,0,0,0
2020,3,12,"香川",0,91,0,0,0,0
2020,3,12,"愛媛",2,153,0,0,0,0
2020,3,12,"高知",12,221,0,0,0,0
2020,3,12,"福岡",3,509,0,0,0,0
2020,3,12,"佐賀",0,50,0,0,0,0
2020,3,12,"長崎",0,140,0,0,0,0
2020,3,12,"熊本",6,0,0,0,0,0
2020,3,12,"大分",1,138,0,0,0,0
2020,3,12,"宮崎",1,97,0,0,0,0
2020,3,12,"鹿児島",0,0,0,0,0,0
2020,3,12,"沖縄",3,196,0,0,0,0
2020,3,13,"北海道",136,1322,0,0,0,0
2020,3,13,"青森",0,70,0,0,0,0
2020,3,13,"岩手",0,22,0,0,0,0
2020,3,13,"宮城",1,109,0,0,0,0
2020,3,13,"秋田",2,94,0,0,0,0
2020,3,13,"山形",0,110,0,0,0,0
2020,3,13,"福島",1,107,0,0,0,0
2020,3,13,"茨城",0,389,0,0,0,0
2020,3,13,"栃木",2,201,0,0,0,0
2020,3,13,"群馬",3,115,0,0,0,0
2020,3,13,"埼玉",21,440,0,0,0,0
2020,3,13,"千葉",29,0,0,0,0,0
2020,3,13,"東京",77,1582,0,0,0,0
2020,3,13,"神奈川",46,0,0,0,0,0
2020,3,13,"新潟",14,0,0,0,0,0
2020,3,13,"富山",0,49,0,0,0,0
2020,3,13,"石川",7,146,0,0,0,0
2020,3,13,"福井",0,74,0,0,0,0
2020,3,13,"山梨",2,267,0,0,0,0
2020,3,13,"長野",3,255,0,0,0,0
2020,3,13,"岐阜",2,227,0,0,0,0
2020,3,13,"静岡",3,0,0,0,0,0
2020,3,13,"愛知",114,1103,0,0,0,0
2020,3,13,"三重",7,198,0,0,0,0
2020,3,13,"滋賀",1,99,0,0,0,0
2020,3,13,"京都",17,628,0,0,0,0
2020,3,13,"大阪",93,0,0,0,0,0
2020,3,13,"兵庫",56,581,0,0,0,0
2020,3,13,"奈良",8,131,0,0,0,0
2020,3,13,"和歌山",14,1008,0,0,0,0
2020,3,13,"鳥取",0,93,0,0,0,0
2020,3,13,"島根",0,80,0,0,0,0
2020,3,13,"岡山",0,141,0,0,0,0
2020,3,13,"広島",1,423,0,0,0,0
2020,3,13,"山口",3,128,0,0,0,0
2020,3,13,"徳島",1,70,0,0,0,0
2020,3,13,"香川",0,98,0,0,0,0
2020,3,13,"愛媛",2,161,0,0,0,0
2020,3,13,"高知",12,229,0,0,0,0
2020,3,13,"福岡",3,522,0,0,0,0
2020,3,13,"佐賀",1,52,0,0,0,0
2020,3,13,"長崎",0,150,0,0,0,0
2020,3,13,"熊本",6,0,0,0,0,0
2020,3,13,"大分",1,148,0,0,0,0
2020,3,13,"宮崎",1,113,0,0,0,0
2020,3,13,"鹿児島",0,0,0,0,0,0
2020,3,13,"沖縄",3,198,0,0,0,0
2020,3,14,"北海道",142,1322,0,0,0,0
2020,3,14,"青森",0,70,0,0,0,0
2020,3,14,"岩手",0,22,0,0,0,0
2020,3,14,"宮城",1,109,0,0,0,0
2020,3,14,"秋田",2,94,0,0,0,0
2020,3,14,"山形",0,110,0,0,0,0
2020,3,14,"福島",2,107,0,0,0,0
2020,3,14,"茨城",0,389,0,0,0,0
2020,3,14,"栃木",2,201,0,0,0,0
2020,3,14,"群馬",5,115,0,0,0,0
2020,3,14,"埼玉",28,440,0,0,0,0
2020,3,14,"千葉",31,0,0,0,0,0
2020,3,14,"東京",87,1653,0,0,0,0
2020,3,14,"神奈川",49,0,0,0,0,0
2020,3,14,"新潟",14,0,0,0,0,0
2020,3,14,"富山",0,49,0,0,0,0
2020,3,14,"石川",7,146,0,0,0,0
2020,3,14,"福井",0,74,0,0,0,0
2020,3,14,"山梨",2,267,0,0,0,0
2020,3,14,"長野",4,255,0,0,0,0
2020,3,14,"岐阜",2,227,0,0,0,0
2020,3,14,"静岡",3,0,0,0,0,0
2020,3,14,"愛知",121,1103,0,0,0,0
2020,3,14,"三重",8,198,0,0,0,0
2020,3,14,"滋賀",1,99,0,0,0,0
2020,3,14,"京都",17,628,0,0,0,0
2020,3,14,"大阪",103,0,0,0,0,0
2020,3,14,"兵庫",60,581,0,0,0,0
2020,3,14,"奈良",8,131,0,0,0,0
2020,3,14,"和歌山",14,1008,0,0,0,0
2020,3,14,"鳥取",0,93,0,0,0,0
2020,3,14,"島根",0,80,0,0,0,0
2020,3,14,"岡山",0,141,0,0,0,0
2020,3,14,"広島",1,423,0,0,0,0
2020,3,14,"山口",3,128,0,0,0,0
2020,3,14,"徳島",1,70,0,0,0,0
2020,3,14,"香川",0,98,0,0,0,0
2020,3,14,"愛媛",2,161,0,0,0,0
2020,3,14,"高知",12,229,0,0,0,0
2020,3,14,"福岡",3,522,0,0,0,0
2020,3,14,"佐賀",1,52,0,0,0,0
2020,3,14,"長崎",1,150,0,0,0,0
2020,3,14,"熊本",6,0,0,0,0,0
2020,3,14,"大分",1,148,0,0,0,0
2020,3,14,"宮崎",1,113,0,0,0,0
2020,3,14,"鹿児島",0,0,0,0,0,0
2020,3,14,"沖縄",3,198,0,0,0,0
2020,3,15,"北海道",148,1322,0,0,0,0
2020,3,15,"青森",0,70,0,0,0,0
2020,3,15,"岩手",0,22,0,0,0,0
2020,3,15,"宮城",1,109,0,0,0,0
2020,3,15,"秋田",2,94,0,0,0,0
2020,3,15,"山形",0,110,0,0,0,0
2020,3,15,"福島",2,107,0,0,0,0
2020,3,15,"茨城",0,389,0,0,0,0
2020,3,15,"栃木",2,201,0,0,0,0
2020,3,15,"群馬",5,115,0,0,0,0
2020,3,15,"埼玉",28,440,0,0,0,0
2020,3,15,"千葉",31,0,0,0,0,0
2020,3,15,"東京",90,1653,0,0,0,0
2020,3,15,"神奈川",54,0,0,0,0,0
2020,3,15,"新潟",14,0,0,0,0,0
2020,3,15,"富山",0,49,0,0,0,0
2020,3,15,"石川",7,146,0,0,0,0
2020,3,15,"福井",0,74,0,0,0,0
2020,3,15,"山梨",2,267,0,0,0,0
2020,3,15,"長野",4,255,0,0,0,0
2020,3,15,"岐阜",2,227,0,0,0,0
2020,3,15,"静岡",3,0,0,0,0,0
2020,3,15,"愛知",121,1103,0,0,0,0
2020,3,15,"三重",8,198,0,0,0,0
2020,3,15,"滋賀",2,99,0,0,0,0
2020,3,15,"京都",17,628,0,0,0,0
2020,3,15,"大阪",107,0,0,0,0,0
2020,3,15,"兵庫",62,581,0,0,0,0
2020,3,15,"奈良",8,131,0,0,0,0
2020,3,15,"和歌山",15,1008,0,0,0,0
2020,3,15,"鳥取",0,93,0,0,0,0
2020,3,15,"島根",0,80,0,0,0,0
2020,3,15,"岡山",0,141,0,0,0,0
2020,3,15,"広島",1,423,0,0,0,0
2020,3,15,"山口",3,128,0,0,0,0
2020,3,15,"徳島",1,70,0,0,0,0
2020,3,15,"香川",0,98,0,0,0,0
2020,3,15,"愛媛",2,161,0,0,0,0
2020,3,15,"高知",12,229,0,0,0,0
2020,3,15,"福岡",3,522,0,0,0,0
2020,3,15,"佐賀",1,52,0,0,0,0
2020,3,15,"長崎",1,150,0,0,0,0
2020,3,15,"熊本",6,0,0,0,0,0
2020,3,15,"大分",1,148,0,0,0,0
2020,3,15,"宮崎",1,113,0,0,0,0
2020,3,15,"鹿児島",0,0,0,0,0,0
2020,3,15,"沖縄",3,198,0,0,0,0
2020,3,16,"北海道",152,1462,0,0,0,0
2020,3,16,"青森",0,72,0,0,0,0
2020,3,16,"岩手",0,24,0,0,0,0
2020,3,16,"宮城",1,129,0,0,0,0
2020,3,16,"秋田",2,103,0,0,0,0
2020,3,16,"山形",0,112,0,0,0,0
2020,3,16,"福島",2,116,0,0,0,0
2020,3,16,"茨城",0,419,0,0,0,0
2020,3,16,"栃木",2,221,0,0,0,0
2020,3,16,"群馬",6,234,0,0,0,0
2020,3,16,"埼玉",28,584,0,0,0,0
2020,3,16,"千葉",31,0,0,0,0,0
2020,3,16,"東京",90,1672,0,0,0,0
2020,3,16,"神奈川",54,0,0,0,0,0
2020,3,16,"新潟",14,0,0,0,0,0
2020,3,16,"富山",0,48,0,0,0,0
2020,3,16,"石川",7,156,0,0,0,0
2020,3,16,"福井",0,79,0,0,0,0
2020,3,16,"山梨",2,294,0,0,0,0
2020,3,16,"長野",4,280,0,0,0,0
2020,3,16,"岐阜",2,249,0,0,0,0
2020,3,16,"静岡",3,0,0,0,0,0
2020,3,16,"愛知",123,847,0,0,0,0
2020,3,16,"三重",8,257,0,0,0,0
2020,3,16,"滋賀",3,107,0,0,0,0
2020,3,16,"京都",17,741,0,0,0,0
2020,3,16,"大阪",109,0,0,0,0,0
2020,3,16,"兵庫",81,874,0,0,0,0
2020,3,16,"奈良",8,143,0,0,0,0
2020,3,16,"和歌山",15,1040,0,0,0,0
2020,3,16,"鳥取",0,95,0,0,0,0
2020,3,16,"島根",0,82,0,0,0,0
2020,3,16,"岡山",0,160,0,0,0,0
2020,3,16,"広島",1,463,0,0,0,0
2020,3,16,"山口",3,138,0,0,0,0
2020,3,16,"徳島",1,73,0,0,0,0
2020,3,16,"香川",0,102,0,0,0,0
2020,3,16,"愛媛",2,166,0,0,0,0
2020,3,16,"高知",12,246,0,0,0,0
2020,3,16,"福岡",3,578,0,0,0,0
2020,3,16,"佐賀",1,82,0,0,0,0
2020,3,16,"長崎",1,173,0,0,0,0
2020,3,16,"熊本",6,393,0,0,0,0
2020,3,16,"大分",1,153,0,0,0,0
2020,3,16,"宮崎",1,114,0,0,0,0
2020,3,16,"鹿児島",0,0,0,0,0,0
2020,3,16,"沖縄",3,210,0,0,0,0
2020,3,17,"北海道",152,1515,0,0,0,0
2020,3,17,"青森",0,74,0,0,0,0
2020,3,17,"岩手",0,24,0,0,0,0
2020,3,17,"宮城",1,129,0,0,0,0
2020,3,17,"秋田",2,108,0,0,0,0
2020,3,17,"山形",0,120,0,0,0,0
2020,3,17,"福島",2,117,0,0,0,0
2020,3,17,"茨城",1,436,0,0,0,0
2020,3,17,"栃木",2,227,0,0,0,0
2020,3,17,"群馬",10,244,0,0,0,0
2020,3,17,"埼玉",33,614,0,0,0,0
2020,3,17,"千葉",31,0,0,0,0,0
2020,3,17,"東京",102,1743,0,0,0,0
2020,3,17,"神奈川",55,0,0,0,0,0
2020,3,17,"新潟",20,0,0,0,0,0
2020,3,17,"富山",0,51,0,0,0,0
2020,3,17,"石川",7,162,0,0,0,0
2020,3,17,"福井",0,84,0,0,0,0
2020,3,17,"山梨",2,315,0,0,0,0
2020,3,17,"長野",4,284,0,0,0,0
2020,3,17,"岐阜",2,322,0,0,0,0
2020,3,17,"静岡",3,0,0,0,0,0
2020,3,17,"愛知",125,847,0,0,0,0
2020,3,17,"三重",8,277,0,0,0,0
2020,3,17,"滋賀",4,124,0,0,0,0
2020,3,17,"京都",19,743,0,0,0,0
2020,3,17,"大阪",112,0,0,0,0,0
2020,3,17,"兵庫",85,951,0,0,0,0
2020,3,17,"奈良",8,153,0,0,0,0
2020,3,17,"和歌山",15,1076,0,0,0,0
2020,3,17,"鳥取",0,104,0,0,0,0
2020,3,17,"島根",0,84,0,0,0,0
2020,3,17,"岡山",0,166,0,0,0,0
2020,3,17,"広島",1,502,0,0,0,0
2020,3,17,"山口",3,149,0,0,0,0
2020,3,17,"徳島",1,115,0,0,0,0
2020,3,17,"香川",1,109,0,0,0,0
2020,3,17,"愛媛",2,167,0,0,0,0
2020,3,17,"高知",12,256,0,0,0,0
2020,3,17,"福岡",4,583,0,0,0,0
2020,3,17,"佐賀",1,85,0,0,0,0
2020,3,17,"長崎",1,179,0,0,0,0
2020,3,17,"熊本",6,0,0,0,0,0
2020,3,17,"大分",1,155,0,0,0,0
2020,3,17,"宮崎",3,129,0,0,0,0
2020,3,17,"鹿児島",0,0,0,0,0,0
2020,3,17,"沖縄",3,217,0,0,0,0
2020,3,18,"北海道",154,1587,153,77,69,6
2020,3,18,"青森",0,75,0,0,0,0
2020,3,18,"岩手",0,24,0,0,0,0
2020,3,18,"宮城",1,138,1,0,1,0
2020,3,18,"秋田",2,109,1,0,1,0
2020,3,18,"山形",0,123,0,0,0,0
2020,3,18,"福島",2,127,2,2,0,0
2020,3,18,"茨城",2,454,2,2,0,0
2020,3,18,"栃木",3,242,3,1,1,0
2020,3,18,"群馬",10,161,10,10,0,0
2020,3,18,"埼玉",34,646,32,28,4,0
2020,3,18,"千葉",33,0,31,22,9,0
2020,3,18,"東京",111,1848,105,79,30,2
2020,3,18,"神奈川",59,0,52,42,6,4
2020,3,18,"新潟",21,0,17,16,1,0
2020,3,18,"富山",0,54,0,0,0,0
2020,3,18,"石川",7,165,5,4,1,0
2020,3,18,"福井",1,92,1,1,0,0
2020,3,18,"山梨",2,325,2,2,0,0
2020,3,18,"長野",4,295,3,3,0,0
2020,3,18,"岐阜",3,270,3,2,1,0
2020,3,18,"静岡",3,0,3,2,1,0
2020,3,18,"愛知",130,847,123,106,3,14
2020,3,18,"三重",8,277,5,4,1,0
2020,3,18,"滋賀",4,140,4,4,0,0
2020,3,18,"京都",20,770,17,11,6,0
2020,3,18,"大阪",117,0,100,78,22,0
2020,3,18,"兵庫",90,1020,69,66,0,3
2020,3,18,"奈良",8,163,4,2,2,0
2020,3,18,"和歌山",15,1090,13,4,8,1
2020,3,18,"鳥取",0,110,0,0,0,0
2020,3,18,"島根",0,86,0,0,0,0
2020,3,18,"岡山",0,175,0,0,0,0
2020,3,18,"広島",1,521,1,0,1,0
2020,3,18,"山口",3,157,1,1,0,0
2020,3,18,"徳島",1,79,0,0,0,0
2020,3,18,"香川",1,122,1,1,0,0
2020,3,18,"愛媛",3,181,2,1,1,0
2020,3,18,"高知",12,267,11,5,6,0
2020,3,18,"福岡",4,610,4,3,1,0
2020,3,18,"佐賀",1,91,1,1,0,0
2020,3,18,"長崎",1,200,0,0,0,0
2020,3,18,"熊本",6,0,5,5,0,0
2020,3,18,"大分",1,163,1,0,1,0
2020,3,18,"宮崎",3,143,3,3,0,0
2020,3,18,"鹿児島",0,0,0,0,0,0
2020,3,18,"沖縄",3,230,3,1,2,0
2020,3,19,"北海道",157,1652,156,80,69,6
2020,3,19,"青森",0,79,0,0,0,0
2020,3,19,"岩手",0,29,0,0,0,0
2020,3,19,"宮城",1,144,1,0,1,0
2020,3,19,"秋田",2,114,1,0,1,0
2020,3,19,"山形",0,133,0,0,0,0
2020,3,19,"福島",2,132,2,2,0,0
2020,3,19,"茨城",3,464,3,3,0,0
2020,3,19,"栃木",3,263,3,1,1,0
2020,3,19,"群馬",10,173,10,10,0,0
2020,3,19,"埼玉",38,684,36,32,4,0
2020,3,19,"千葉",36,0,34,25,9,0
2020,3,19,"東京",118,1897,112,85,31,2
2020,3,19,"神奈川",64,0,57,47,6,4
2020,3,19,"新潟",21,647,17,16,1,0
2020,3,19,"富山",0,54,0,0,0,0
2020,3,19,"石川",7,171,5,3,2,0
2020,3,19,"福井",1,92,1,1,0,0
2020,3,19,"山梨",2,335,2,2,0,0
2020,3,19,"長野",4,306,3,3,0,0
2020,3,19,"岐阜",3,272,3,2,1,0
2020,3,19,"静岡",3,0,3,2,1,0
2020,3,19,"愛知",134,847,127,110,3,14
2020,3,19,"三重",9,318,6,5,1,0
2020,3,19,"滋賀",4,144,4,4,0,0
2020,3,19,"京都",20,800,17,11,6,0
2020,3,19,"大阪",119,0,102,79,22,1
2020,3,19,"兵庫",91,1108,69,64,1,4
2020,3,19,"奈良",8,176,4,2,2,0
2020,3,19,"和歌山",16,1102,14,5,8,1
2020,3,19,"鳥取",0,115,0,0,0,0
2020,3,19,"島根",0,91,0,0,0,0
2020,3,19,"岡山",0,181,0,0,0,0
2020,3,19,"広島",1,552,1,0,1,0
2020,3,19,"山口",3,164,1,1,0,0
2020,3,19,"徳島",1,83,0,0,0,0
2020,3,19,"香川",1,128,1,1,0,0
2020,3,19,"愛媛",3,181,2,1,1,0
2020,3,19,"高知",12,270,11,0,11,0
2020,3,19,"福岡",5,626,5,3,2,0
2020,3,19,"佐賀",1,100,1,1,0,0
2020,3,19,"長崎",1,213,0,0,0,0
2020,3,19,"熊本",7,467,6,6,0,0
2020,3,19,"大分",3,167,3,2,1,0
2020,3,19,"宮崎",3,170,3,3,0,0
2020,3,19,"鹿児島",0,171,0,0,0,0
2020,3,19,"沖縄",3,238,3,1,2,0
2020,3,20,"北海道",158,1652,157,82,69,6
2020,3,20,"青森",0,85,0,0,0,0
2020,3,20,"岩手",0,29,0,0,0,0
2020,3,20,"宮城",1,148,1,0,1,0
2020,3,20,"秋田",2,114,1,0,1,0
2020,3,20,"山形",0,133,0,0,0,0
2020,3,20,"福島",2,132,2,2,0,0
2020,3,20,"茨城",3,464,3,3,0,0
2020,3,20,"栃木",3,263,3,2,1,0
2020,3,20,"群馬",11,173,11,11,0,0
2020,3,20,"埼玉",41,684,38,32,6,0
2020,3,20,"千葉",41,0,39,27,12,0
2020,3,20,"東京",129,1912,123,95,31,3
2020,3,20,"神奈川",65,0,58,48,6,4
2020,3,20,"新潟",21,647,17,16,1,0
2020,3,20,"富山",0,54,0,0,0,0
2020,3,20,"石川",8,175,6,4,2,0
2020,3,20,"福井",1,97,1,1,0,0
2020,3,20,"山梨",2,337,2,2,0,0
2020,3,20,"長野",4,306,3,2,1,0
2020,3,20,"岐阜",3,279,3,2,1,0
2020,3,20,"静岡",3,0,3,2,1,0
2020,3,20,"愛知",139,847,130,111,3,16
2020,3,20,"三重",9,318,6,5,1,0
2020,3,20,"滋賀",4,144,4,4,0,0
2020,3,20,"京都",21,806,18,12,6,0
2020,3,20,"大阪",123,0,106,83,22,1
2020,3,20,"兵庫",100,1120,76,71,1,4
2020,3,20,"奈良",8,177,4,2,2,0
2020,3,20,"和歌山",17,1110,15,6,8,1
2020,3,20,"鳥取",0,115,0,0,0,0
2020,3,20,"島根",0,91,0,0,0,0
2020,3,20,"岡山",0,181,0,0,0,0
2020,3,20,"広島",2,569,2,1,1,0
2020,3,20,"山口",3,164,1,1,0,0
2020,3,20,"徳島",1,83,0,0,0,0
2020,3,20,"香川",1,133,1,1,0,0
2020,3,20,"愛媛",3,181,2,1,1,0
2020,3,20,"高知",12,270,11,0,11,0
2020,3,20,"福岡",5,626,5,3,2,0
2020,3,20,"佐賀",1,102,1,1,0,0
2020,3,20,"長崎",1,213,0,0,0,0
2020,3,20,"熊本",7,476,6,6,0,0
2020,3,20,"大分",8,175,6,5,1,0
2020,3,20,"宮崎",3,179,3,3,0,0
2020,3,20,"鹿児島",0,171,0,0,0,0
2020,3,20,"沖縄",3,238,3,1,2,0
2020,3,21,"北海道",159,1652,158,71,81,6
2020,3,21,"青森",0,88,0,0,0,0
2020,3,21,"岩手",0,29,0,0,0,0
2020,3,21,"宮城",1,150,1,0,1,0
2020,3,21,"秋田",2,114,1,0,1,0
2020,3,21,"山形",0,133,0,0,0,0
2020,3,21,"福島",2,132,2,2,0,0
2020,3,21,"茨城",3,464,3,3,0,0
2020,3,21,"栃木",4,263,4,3,1,0
2020,3,21,"群馬",11,174,11,11,0,0
2020,3,21,"埼玉",44,684,41,34,7,0
2020,3,21,"千葉",42,0,40,26,14,0
2020,3,21,"東京",136,1956,130,101,31,4
2020,3,21,"神奈川",68,0,61,45,12,4
2020,3,21,"新潟",26,647,22,20,2,0
2020,3,21,"富山",0,54,0,0,0,0
2020,3,21,"石川",8,176,6,3,3,0
2020,3,21,"福井",1,97,1,1,0,0
2020,3,21,"山梨",2,338,2,2,0,0
2020,3,21,"長野",4,306,3,2,1,0
2020,3,21,"岐阜",3,279,3,2,1,0
2020,3,21,"静岡",3,0,3,2,1,0
2020,3,21,"愛知",141,847,132,108,8,16
2020,3,21,"三重",9,318,6,5,1,0
2020,3,21,"滋賀",4,144,4,4,0,0
2020,3,21,"京都",22,813,19,12,7,0
2020,3,21,"大阪",125,0,108,81,26,1
2020,3,21,"兵庫",106,1126,81,75,2,4
2020,3,21,"奈良",8,184,4,2,2,0
2020,3,21,"和歌山",17,1112,15,5,9,1
2020,3,21,"鳥取",0,115,0,0,0,0
2020,3,21,"島根",0,92,0,0,0,0
2020,3,21,"岡山",0,181,0,0,0,0
2020,3,21,"広島",2,579,2,1,1,0
2020,3,21,"山口",3,166,1,1,0,0
2020,3,21,"徳島",1,83,0,0,0,0
2020,3,21,"香川",1,142,1,1,0,0
2020,3,21,"愛媛",3,181,2,1,1,0
2020,3,21,"高知",12,272,11,0,11,0
2020,3,21,"福岡",5,637,5,3,2,0
2020,3,21,"佐賀",1,102,1,1,0,0
2020,3,21,"長崎",1,213,0,0,0,0
2020,3,21,"熊本",7,487,6,5,1,0
2020,3,21,"大分",13,175,11,10,1,0
2020,3,21,"宮崎",3,186,3,3,0,0
2020,3,21,"鹿児島",0,171,0,0,0,0
2020,3,21,"沖縄",3,238,3,1,2,0
2020,3,22,"北海道",162,1652,161,72,83,6
2020,3,22,"青森",0,90,0,0,0,0
2020,3,22,"岩手",0,29,0,0,0,0
2020,3,22,"宮城",1,150,1,0,1,0
2020,3,22,"秋田",2,114,1,0,1,0
2020,3,22,"山形",0,133,0,0,0,0
2020,3,22,"福島",2,132,2,2,0,0
2020,3,22,"茨城",3,464,3,3,0,0
2020,3,22,"栃木",4,263,4,2,2,0
2020,3,22,"群馬",11,174,11,10,0,1
2020,3,22,"埼玉",50,684,45,34,10,1
2020,3,22,"千葉",44,0,42,27,15,0
2020,3,22,"東京",138,1957,132,103,31,4
2020,3,22,"神奈川",74,0,67,49,14,4
2020,3,22,"新潟",26,648,22,19,3,0
2020,3,22,"富山",0,55,0,0,0,0
2020,3,22,"石川",8,179,6,3,3,0
2020,3,22,"福井",1,98,1,1,0,0
2020,3,22,"山梨",2,338,2,1,1,0
2020,3,22,"長野",4,306,3,2,1,0
2020,3,22,"岐阜",5,281,5,4,1,0
2020,3,22,"静岡",3,0,3,2,1,0
2020,3,22,"愛知",143,847,134,111,8,16
2020,3,22,"三重",9,318,6,4,2,0
2020,3,22,"滋賀",4,144,4,4,0,0
2020,3,22,"京都",23,815,20,13,7,0
2020,3,22,"大阪",131,0,113,85,26,2
2020,3,22,"兵庫",110,1127,83,76,2,5
2020,3,22,"奈良",9,187,5,3,2,0
2020,3,22,"和歌山",17,1118,15,5,9,1
2020,3,22,"鳥取",0,115,0,0,0,0
2020,3,22,"島根",0,95,0,0,0,0
2020,3,22,"岡山",1,181,1,1,0,0
2020,3,22,"広島",3,609,3,2,1,0
2020,3,22,"山口",4,170,2,2,0,0
2020,3,22,"徳島",1,83,0,0,0,0
2020,3,22,"香川",1,147,1,1,0,0
2020,3,22,"愛媛",3,181,2,1,1,0
2020,3,22,"高知",12,279,11,0,11,0
2020,3,22,"福岡",5,642,5,3,2,0
2020,3,22,"佐賀",1,103,1,1,0,0
2020,3,22,"長崎",1,213,0,0,0,0
2020,3,22,"熊本",7,490,6,5,1,0
2020,3,22,"大分",17,175,15,14,1,0
2020,3,22,"宮崎",3,189,3,3,0,0
2020,3,22,"鹿児島",0,171,0,0,0,0
2020,3,22,"沖縄",3,238,3,1,2,0
2020,3,23,"北海道",162,1775,161,65,90,6
2020,3,23,"青森",2,83,2,2,0,0
2020,3,23,"岩手",0,37,0,0,0,0
2020,3,23,"宮城",1,161,1,0,1,0
2020,3,23,"秋田",2,121,1,0,1,0
2020,3,23,"山形",0,145,0,0,0,0
2020,3,23,"福島",2,157,2,2,0,0
2020,3,23,"茨城",5,654,5,5,0,0
2020,3,23,"栃木",4,297,4,2,2,0
2020,3,23,"群馬",11,202,11,10,0,1
2020,3,23,"埼玉",51,875,46,34,11,1
2020,3,23,"千葉",47,31,45,30,15,0
2020,3,23,"東京",154,2013,146,119,31,4
2020,3,23,"神奈川",75,0,68,47,17,4
2020,3,23,"新潟",26,786,22,19,3,0
2020,3,23,"富山",0,62,0,0,0,0
2020,3,23,"石川",8,181,6,3,3,0
2020,3,23,"福井",1,102,1,1,0,0
2020,3,23,"山梨",2,358,2,1,1,0
2020,3,23,"長野",4,336,3,2,1,0
2020,3,23,"岐阜",8,304,8,7,1,0
2020,3,23,"静岡",3,581,3,2,1,0
2020,3,23,"愛知",145,1782,136,112,8,17
2020,3,23,"三重",9,344,6,4,2,0
2020,3,23,"滋賀",5,168,5,4,1,0
2020,3,23,"京都",24,857,21,14,7,0
2020,3,23,"大阪",134,0,116,87,27,2
2020,3,23,"兵庫",112,1518,85,78,2,5
2020,3,23,"奈良",9,205,5,2,3,0
2020,3,23,"和歌山",17,1305,15,5,9,1
2020,3,23,"鳥取",0,126,0,0,0,0
2020,3,23,"島根",0,101,0,0,0,0
2020,3,23,"岡山",1,206,1,1,0,0
2020,3,23,"広島",3,631,3,2,1,0
2020,3,23,"山口",4,180,2,2,0,0
2020,3,23,"徳島",1,93,0,0,0,0
2020,3,23,"香川",1,157,1,1,0,0
2020,3,23,"愛媛",3,208,2,1,1,0
2020,3,23,"高知",12,281,11,0,11,0
2020,3,23,"福岡",6,689,6,4,2,0
2020,3,23,"佐賀",1,111,1,1,0,0
2020,3,23,"長崎",1,246,0,0,0,0
2020,3,23,"熊本",7,521,6,5,1,0
2020,3,23,"大分",17,356,15,14,1,0
2020,3,23,"宮崎",3,197,3,3,0,0
2020,3,23,"鹿児島",0,193,0,0,0,0
2020,3,23,"沖縄",3,263,3,1,2,0
2020,3,24,"北海道",163,1794,162,63,93,6
2020,3,24,"青森",2,85,2,2,0,0
2020,3,24,"岩手",0,36,0,0,0,0
2020,3,24,"宮城",1,162,1,0,1,0
2020,3,24,"秋田",2,200,1,0,1,0
2020,3,24,"山形",0,147,0,0,0,0
2020,3,24,"福島",2,164,2,2,0,0
2020,3,24,"茨城",5,576,5,5,0,0
2020,3,24,"栃木",6,299,6,4,2,0
2020,3,24,"群馬",13,209,13,12,0,1
2020,3,24,"埼玉",58,898,53,41,11,1
2020,3,24,"千葉",48,39,46,31,15,0
2020,3,24,"東京",171,2087,160,135,31,5
2020,3,24,"神奈川",80,69,73,52,17,4
2020,3,24,"新潟",28,812,24,21,3,0
2020,3,24,"富山",0,67,0,0,0,0
2020,3,24,"石川",8,192,6,3,3,0
2020,3,24,"福井",1,114,1,1,0,0
2020,3,24,"山梨",4,370,4,3,1,0
2020,3,24,"長野",5,339,4,2,2,0
2020,3,24,"岐阜",12,317,11,10,1,0
2020,3,24,"静岡",3,584,3,2,1,0
2020,3,24,"愛知",148,1895,139,114,9,17
2020,3,24,"三重",9,368,6,4,2,0
2020,3,24,"滋賀",5,173,5,4,1,0
2020,3,24,"京都",26,930,23,16,7,0
2020,3,24,"大阪",142,169,123,94,27,2
2020,3,24,"兵庫",115,1607,87,77,5,5
2020,3,24,"奈良",9,214,5,2,3,0
2020,3,24,"和歌山",17,1316,15,5,9,1
2020,3,24,"鳥取",0,129,0,0,0,0
2020,3,24,"島根",0,105,0,0,0,0
2020,3,24,"岡山",1,219,1,1,0,0
2020,3,24,"広島",3,656,3,2,1,0
2020,3,24,"山口",4,192,2,2,0,0
2020,3,24,"徳島",1,96,0,0,0,0
2020,3,24,"香川",1,160,1,1,0,0
2020,3,24,"愛媛",3,215,2,1,1,0
2020,3,24,"高知",12,307,11,0,11,0
2020,3,24,"福岡",9,703,9,7,2,0
2020,3,24,"佐賀",1,115,1,1,0,0
2020,3,24,"長崎",1,253,0,0,0,0
2020,3,24,"熊本",7,543,6,5,1,0
2020,3,24,"大分",18,743,16,15,1,0
2020,3,24,"宮崎",3,205,3,2,1,0
2020,3,24,"鹿児島",0,196,0,0,0,0
2020,3,24,"沖縄",4,271,4,2,2,0
2020,3,25,"北海道",167,1821,166,61,98,7
2020,3,25,"青森",6,102,4,4,0,0
2020,3,25,"岩手",0,41,0,0,0,0
2020,3,25,"宮城",1,175,1,0,1,0
2020,3,25,"秋田",2,204,1,0,1,0
2020,3,25,"山形",0,156,0,0,0,0
2020,3,25,"福島",2,167,2,2,0,0
2020,3,25,"茨城",9,656,9,9,0,0
2020,3,25,"栃木",7,320,6,4,2,0
2020,3,25,"群馬",13,231,13,12,0,1
2020,3,25,"埼玉",59,901,53,40,12,1
2020,3,25,"千葉",53,100,51,34,17,0
2020,3,25,"東京",212,2182,201,176,31,5
2020,3,25,"神奈川",84,74,77,56,17,4
2020,3,25,"新潟",29,845,24,21,3,0
2020,3,25,"富山",0,69,0,0,0,0
2020,3,25,"石川",8,193,6,3,3,0
2020,3,25,"福井",2,116,3,3,0,0
2020,3,25,"山梨",4,383,4,3,1,0
2020,3,25,"長野",5,339,4,2,2,0
2020,3,25,"岐阜",13,325,12,11,1,0
2020,3,25,"静岡",3,611,3,1,2,0
2020,3,25,"愛知",154,1987,144,91,36,18
2020,3,25,"三重",9,380,6,4,2,0
2020,3,25,"滋賀",5,176,5,4,1,0
2020,3,25,"京都",30,967,27,20,7,0
2020,3,25,"大阪",150,250,129,90,37,2
2020,3,25,"兵庫",116,1855,87,77,5,5
2020,3,25,"奈良",9,225,5,2,3,0
2020,3,25,"和歌山",17,1374,15,5,9,1
2020,3,25,"鳥取",0,134,0,0,0,0
2020,3,25,"島根",0,106,0,0,0,0
2020,3,25,"岡山",1,233,1,1,0,0
2020,3,25,"広島",3,687,3,2,1,0
2020,3,25,"山口",5,196,3,3,0,0
2020,3,25,"徳島",1,99,0,0,0,0
2020,3,25,"香川",1,168,1,1,0,0
2020,3,25,"愛媛",3,219,2,1,1,0
2020,3,25,"高知",12,313,11,0,11,0
2020,3,25,"福岡",9,747,9,7,2,0
2020,3,25,"佐賀",1,121,1,1,0,0
2020,3,25,"長崎",2,266,1,1,0,0
2020,3,25,"熊本",7,567,6,4,2,0
2020,3,25,"大分",25,1171,16,15,1,0
2020,3,25,"宮崎",3,222,3,2,1,0
2020,3,25,"鹿児島",0,208,0,0,0,0
2020,3,25,"沖縄",4,271,4,2,2,0
2020,3,26,"北海道",168,1929,167,62,98,7
2020,3,26,"青森",6,116,4,4,0,0
2020,3,26,"岩手",0,44,0,0,0,0
2020,3,26,"宮城",2,180,2,1,1,0
2020,3,26,"秋田",2,207,1,0,1,0
2020,3,26,"山形",0,165,0,0,0,0
2020,3,26,"福島",2,177,2,2,0,0
2020,3,26,"茨城",10,716,9,9,0,0
2020,3,26,"栃木",10,343,10,8,2,0
2020,3,26,"群馬",14,241,14,13,0,1
2020,3,26,"埼玉",66,1033,60,46,13,1
2020,3,26,"千葉",56,108,54,36,18,0
2020,3,26,"東京",259,2269,227,223,31,5
2020,3,26,"神奈川",89,218,82,60,18,4
2020,3,26,"新潟",29,920,24,21,3,0
2020,3,26,"富山",0,69,0,0,0,0
2020,3,26,"石川",8,195,6,3,3,0
2020,3,26,"福井",6,119,5,5,0,0
2020,3,26,"山梨",4,401,4,2,2,0
2020,3,26,"長野",5,371,4,2,2,0
2020,3,26,"岐阜",16,374,14,13,1,0
2020,3,26,"静岡",3,645,3,1,2,0
2020,3,26,"愛知",157,2204,147,93,36,18
2020,3,26,"三重",9,387,6,4,2,0
2020,3,26,"滋賀",6,138,6,5,1,0
2020,3,26,"京都",32,996,29,21,8,0
2020,3,26,"大阪",157,362,136,93,41,2
2020,3,26,"兵庫",118,2031,87,77,5,5
2020,3,26,"奈良",9,231,5,2,3,0
2020,3,26,"和歌山",17,1405,15,4,10,1
2020,3,26,"鳥取",0,141,0,0,0,0
2020,3,26,"島根",0,109,0,0,0,0
2020,3,26,"岡山",1,243,1,1,0,0
2020,3,26,"広島",4,722,4,3,1,0
2020,3,26,"山口",6,210,4,4,0,0
2020,3,26,"徳島",1,104,0,0,0,0
2020,3,26,"香川",1,191,1,1,0,0
2020,3,26,"愛媛",3,223,2,1,1,0
2020,3,26,"高知",12,314,11,0,11,0
2020,3,26,"福岡",11,777,11,9,2,0
2020,3,26,"佐賀",1,124,1,1,0,0
2020,3,26,"長崎",2,279,1,1,0,0
2020,3,26,"熊本",8,595,7,5,2,0
2020,3,26,"大分",25,1389,17,16,1,0
2020,3,26,"宮崎",3,235,3,2,1,0
2020,3,26,"鹿児島",1,215,1,1,0,0
2020,3,26,"沖縄",4,285,4,2,2,0
2020,3,27,"北海道",169,1976,168,47,114,7
2020,3,27,"青森",6,123,4,4,0,0
2020,3,27,"岩手",0,50,0,0,0,0
2020,3,27,"宮城",2,187,2,1,1,0
2020,3,27,"秋田",4,211,3,2,1,0
2020,3,27,"山形",0,170,0,0,0,0
2020,3,27,"福島",2,182,2,2,0,0
2020,3,27,"茨城",11,770,9,9,0,0
2020,3,27,"栃木",11,377,11,9,2,0
2020,3,27,"群馬",14,240,14,13,0,1
2020,3,27,"埼玉",72,1104,66,51,13,2
2020,3,27,"千葉",62,169,60,42,18,0
2020,3,27,"東京",299,2412,227,253,40,6
2020,3,27,"神奈川",95,276,88,66,18,4
2020,3,27,"新潟",29,977,24,17,7,0
2020,3,27,"富山",0,70,0,0,0,0
2020,3,27,"石川",8,199,6,3,3,0
2020,3,27,"福井",9,136,8,8,0,0
2020,3,27,"山梨",4,422,4,2,2,0
2020,3,27,"長野",6,396,5,3,2,0
2020,3,27,"岐阜",16,412,14,13,1,0
2020,3,27,"静岡",3,648,3,1,2,0
2020,3,27,"愛知",160,2276,150,90,42,18
2020,3,27,"三重",9,408,6,4,2,0
2020,3,27,"滋賀",6,196,6,5,1,0
2020,3,27,"京都",34,1035,31,20,11,0
2020,3,27,"大阪",177,501,154,111,41,2
2020,3,27,"兵庫",122,2121,90,80,5,5
2020,3,27,"奈良",9,253,5,2,3,0
2020,3,27,"和歌山",17,1419,15,4,10,1
2020,3,27,"鳥取",0,146,0,0,0,0
2020,3,27,"島根",0,117,0,0,0,0
2020,3,27,"岡山",2,251,2,2,0,0
2020,3,27,"広島",4,748,4,3,1,0
2020,3,27,"山口",6,228,4,4,0,0
2020,3,27,"徳島",1,110,0,0,0,0
2020,3,27,"香川",1,197,1,1,0,0
2020,3,27,"愛媛",4,234,3,2,1,0
2020,3,27,"高知",13,332,12,1,11,0
2020,3,27,"福岡",12,843,12,10,2,0
2020,3,27,"佐賀",1,129,1,1,0,0
2020,3,27,"長崎",2,292,1,1,0,0
2020,3,27,"熊本",10,658,9,7,2,0
2020,3,27,"大分",25,1489,17,16,1,0
2020,3,27,"宮崎",3,236,3,2,1,0
2020,3,27,"鹿児島",1,219,1,1,0,0
2020,3,27,"沖縄",6,303,6,4,2,0
2020,3,28,"北海道",172,1976,172,44,121,7
2020,3,28,"青森",6,124,6,6,0,0
2020,3,28,"岩手",0,50,0,0,0,0
2020,3,28,"宮城",2,187,2,1,1,0
2020,3,28,"秋田",4,211,4,2,2,0
2020,3,28,"山形",0,170,0,0,0,0
2020,3,28,"福島",2,182,2,2,0,0
2020,3,28,"茨城",13,770,13,13,0,0
2020,3,28,"栃木",11,377,11,9,2,0
2020,3,28,"群馬",15,240,15,14,0,1
2020,3,28,"埼玉",78,1104,78,60,15,3
2020,3,28,"千葉",126,207,126,106,19,1
2020,3,28,"東京",362,2656,362,315,40,7
2020,3,28,"神奈川",104,276,104,79,20,5
2020,3,28,"新潟",31,977,31,24,7,0
2020,3,28,"富山",0,71,0,0,0,0
2020,3,28,"石川",9,205,9,4,5,0
2020,3,28,"福井",12,144,12,12,0,0
2020,3,28,"山梨",4,426,4,2,2,0
2020,3,28,"長野",6,397,6,3,3,0
2020,3,28,"岐阜",16,420,16,15,1,0
2020,3,28,"静岡",4,660,4,2,2,0
2020,3,28,"愛知",164,2276,164,103,42,19
2020,3,28,"三重",9,408,9,7,2,0
2020,3,28,"滋賀",6,197,6,5,1,0
2020,3,28,"京都",37,1035,37,24,13,0
2020,3,28,"大阪",192,532,192,142,48,2
2020,3,28,"兵庫",125,2142,125,99,18,8
2020,3,28,"奈良",11,263,11,3,8,0
2020,3,28,"和歌山",17,1431,17,3,13,1
2020,3,28,"鳥取",0,146,0,0,0,0
2020,3,28,"島根",0,121,0,0,0,0
2020,3,28,"岡山",3,251,3,3,0,0
2020,3,28,"広島",4,812,4,3,1,0
2020,3,28,"山口",6,270,6,4,2,0
2020,3,28,"徳島",1,110,1,0,1,0
2020,3,28,"香川",1,197,1,1,0,0
2020,3,28,"愛媛",4,234,4,2,2,0
2020,3,28,"高知",13,342,13,1,12,0
2020,3,28,"福岡",21,844,21,19,2,0
2020,3,28,"佐賀",1,129,1,1,0,0
2020,3,28,"長崎",2,292,2,2,0,0
2020,3,28,"熊本",10,674,10,7,3,0
2020,3,28,"大分",27,1489,27,26,1,0
2020,3,28,"宮崎",3,241,3,2,1,0
2020,3,28,"鹿児島",1,219,1,1,0,0
2020,3,28,"沖縄",6,303,6,4,2,0
2020,3,29,"北海道",176,1976,176,48,121,7
2020,3,29,"青森",7,132,7,7,0,0
2020,3,29,"岩手",0,50,0,0,0,0
2020,3,29,"宮城",2,188,2,1,1,0
2020,3,29,"秋田",4,211,4,2,2,0
2020,3,29,"山形",0,170,0,0,0,0
2020,3,29,"福島",2,182,2,2,0,0
2020,3,29,"茨城",16,770,16,16,0,0
2020,3,29,"栃木",12,377,12,10,2,0
2020,3,29,"群馬",18,243,18,17,0,1
2020,3,29,"埼玉",83,1105,83,65,15,3
2020,3,29,"千葉",160,237,160,140,19,1
2020,3,29,"東京",430,2987,430,382,40,8
2020,3,29,"神奈川",107,276,107,82,20,5
2020,3,29,"新潟",31,977,31,24,7,0
2020,3,29,"富山",0,72,0,0,0,0
2020,3,29,"石川",9,212,9,4,5,0
2020,3,29,"福井",13,154,13,13,0,0
2020,3,29,"山梨",4,428,4,2,2,0
2020,3,29,"長野",8,397,8,5,3,0
2020,3,29,"岐阜",21,428,21,20,1,0
2020,3,29,"静岡",4,665,4,2,2,0
2020,3,29,"愛知",167,2276,167,106,42,19
2020,3,29,"三重",9,408,9,7,2,0
2020,3,29,"滋賀",6,197,6,5,1,0
2020,3,29,"京都",46,1035,46,33,13,0
2020,3,29,"大阪",209,553,209,159,48,2
2020,3,29,"兵庫",132,2146,132,104,18,10
2020,3,29,"奈良",11,263,11,3,8,0
2020,3,29,"和歌山",17,1433,17,3,13,1
2020,3,29,"鳥取",0,146,0,0,0,0
2020,3,29,"島根",0,128,0,0,0,0
2020,3,29,"岡山",3,251,3,3,0,0
2020,3,29,"広島",6,831,6,5,1,0
2020,3,29,"山口",6,291,6,4,2,0
2020,3,29,"徳島",1,110,1,0,1,0
2020,3,29,"香川",1,212,1,1,0,0
2020,3,29,"愛媛",4,234,4,2,2,0
2020,3,29,"高知",14,353,14,2,12,0
2020,3,29,"福岡",22,853,22,20,2,0
2020,3,29,"佐賀",1,130,1,1,0,0
2020,3,29,"長崎",2,292,2,2,0,0
2020,3,29,"熊本",10,693,10,7,3,0
2020,3,29,"大分",28,1489,28,27,1,0
2020,3,29,"宮崎",3,242,3,2,1,0
2020,3,29,"鹿児島",1,219,1,1,0,0
2020,3,29,"沖縄",8,303,8,6,2,0
2020,3,30,"北海道",177,2076,177,49,121,7
2020,3,30,"青森",7,132,7,7,0,0
2020,3,30,"岩手",0,54,0,0,0,0
2020,3,30,"宮城",6,208,6,5,1,0
2020,3,30,"秋田",4,240,4,2,2,0
2020,3,30,"山形",0,198,0,0,0,0
2020,3,30,"福島",2,203,2,2,0,0
2020,3,30,"茨城",20,921,20,20,0,0
2020,3,30,"栃木",12,439,12,10,2,0
2020,3,30,"群馬",18,253,18,17,0,1
2020,3,30,"埼玉",84,1249,84,66,15,3
2020,3,30,"千葉",160,362,160,140,19,1
2020,3,30,"東京",443,3028,443,394,40,9
2020,3,30,"神奈川",115,476,115,89,20,6
2020,3,30,"新潟",31,1024,31,24,7,0
2020,3,30,"富山",1,79,1,1,0,0
2020,3,30,"石川",11,211,11,6,5,0
2020,3,30,"福井",15,160,15,15,0,0
2020,3,30,"山梨",5,454,5,3,2,0
2020,3,30,"長野",8,475,8,5,3,0
2020,3,30,"岐阜",21,629,21,20,1,0
2020,3,30,"静岡",4,701,4,2,2,0
2020,3,30,"愛知",170,2460,170,109,42,19
2020,3,30,"三重",11,437,11,9,2,0
2020,3,30,"滋賀",6,217,6,5,1,0
2020,3,30,"京都",54,1080,54,4,13,0
2020,3,30,"大阪",217,630,217,167,48,2
2020,3,30,"兵庫",136,2399,136,108,18,10
2020,3,30,"奈良",11,292,11,3,8,0
2020,3,30,"和歌山",17,1452,17,3,13,1
2020,3,30,"鳥取",0,169,0,0,0,0
2020,3,30,"島根",0,130,0,0,0,0
2020,3,30,"岡山",4,309,4,4,0,0
2020,3,30,"広島",6,901,6,5,1,0
2020,3,30,"山口",6,257,6,4,2,0
2020,3,30,"徳島",1,123,1,0,1,0
2020,3,30,"香川",1,243,1,1,0,0
2020,3,30,"愛媛",4,250,4,2,2,0
2020,3,30,"高知",15,359,15,3,12,0
2020,3,30,"福岡",23,1033,23,21,2,0
2020,3,30,"佐賀",1,137,1,1,0,0
2020,3,30,"長崎",2,331,2,2,0,0
2020,3,30,"熊本",11,856,11,8,3,0
2020,3,30,"大分",28,1626,28,27,1,0
2020,3,30,"宮崎",3,272,3,2,1,0
2020,3,30,"鹿児島",1,263,1,1,0,0
2020,3,30,"沖縄",9,332,9,7,2,0
2020,3,31,"北海道",177,2096,177,46,124,7
2020,3,31,"青森",8,137,8,8,0,0
2020,3,31,"岩手",0,59,0,0,0,0
2020,3,31,"宮城",7,208,7,6,1,0
2020,3,31,"秋田",6,261,6,4,2,0
2020,3,31,"山形",1,222,1,1,0,0
2020,3,31,"福島",4,204,4,4,0,0
2020,3,31,"茨城",24,1028,24,24,0,0
2020,3,31,"栃木",14,456,14,12,2,0
2020,3,31,"群馬",19,289,19,18,0,1
2020,3,31,"埼玉",98,1293,98,80,15,3
2020,3,31,"千葉",164,527,164,144,19,1
2020,3,31,"東京",521,3173,521,466,40,15
2020,3,31,"神奈川",120,614,120,87,27,6
2020,3,31,"新潟",31,1061,31,21,10,0
2020,3,31,"富山",3,90,3,3,0,0
2020,3,31,"石川",13,228,13,8,5,0
2020,3,31,"福井",16,179,16,16,0,0
2020,3,31,"山梨",6,472,6,4,2,0
2020,3,31,"長野",8,506,8,5,3,0
2020,3,31,"岐阜",23,717,23,21,2,0
2020,3,31,"静岡",6,745,6,3,3,0
2020,3,31,"愛知",176,2854,176,110,47,19
2020,3,31,"三重",11,458,11,9,2,0
2020,3,31,"滋賀",7,232,7,5,2,0
2020,3,31,"京都",68,1178,68,53,15,0
2020,3,31,"大阪",245,630,245,173,70,2
2020,3,31,"兵庫",147,2462,147,118,18,11
2020,3,31,"奈良",11,314,11,3,8,0
2020,3,31,"和歌山",17,1479,17,3,13,1
2020,3,31,"鳥取",0,182,0,0,0,0
2020,3,31,"島根",0,136,0,0,0,0
2020,3,31,"岡山",4,321,4,4,0,0
2020,3,31,"広島",6,960,6,5,1,0
2020,3,31,"山口",6,287,6,3,3,0
2020,3,31,"徳島",3,144,3,2,1,0
2020,3,31,"香川",2,243,2,2,0,0
2020,3,31,"愛媛",9,267,9,7,2,0
2020,3,31,"高知",17,389,17,5,12,0
2020,3,31,"福岡",43,1069,43,41,2,0
2020,3,31,"佐賀",2,150,2,2,0,0
2020,3,31,"長崎",2,351,2,1,1,0
2020,3,31,"熊本",14,925,14,11,3,0
2020,3,31,"大分",29,1647,29,28,1,0
2020,3,31,"宮崎",3,284,3,2,1,0
2020,3,31,"鹿児島",1,265,1,1,0,0
2020,3,31,"沖縄",9,356,9,7,2,0
2020,4,1,"北海道",182,2096,182,44,131,7
2020,4,1,"青森",8,137,8,8,0,0
2020,4,1,"岩手",0,59,0,0,0,0
2020,4,1,"宮城",7,208,7,6,1,0
2020,4,1,"秋田",6,261,6,4,2,0
2020,4,1,"山形",1,222,1,1,0,0
2020,4,1,"福島",6,204,6,5,1,0
2020,4,1,"茨城",24,1028,24,23,0,1
2020,4,1,"栃木",14,456,14,12,2,0
2020,4,1,"群馬",20,289,20,19,0,1
2020,4,1,"埼玉",101,1293,101,77,20,4
2020,4,1,"千葉",175,527,175,151,23,1
2020,4,1,"東京",587,3337,587,531,40,16
2020,4,1,"神奈川",138,614,138,104,28,6
2020,4,1,"新潟",31,1061,31,21,10,0
2020,4,1,"富山",5,90,5,5,0,0
2020,4,1,"石川",15,228,15,10,5,0
2020,4,1,"福井",22,179,22,22,0,0
2020,4,1,"山梨",8,472,8,6,2,0
2020,4,1,"長野",9,506,9,6,3,0
2020,4,1,"岐阜",22,717,22,20,2,0
2020,4,1,"静岡",6,745,6,3,3,0
2020,4,1,"愛知",181,2854,181,115,47,19
2020,4,1,"三重",11,458,11,9,2,0
2020,4,1,"滋賀",8,232,8,5,3,0
2020,4,1,"京都",71,1178,71,55,16,0
2020,4,1,"大阪",279,630,279,207,70,2
2020,4,1,"兵庫",161,2462,161,132,18,11
2020,4,1,"奈良",15,314,15,7,8,0
2020,4,1,"和歌山",18,1479,18,4,13,1
2020,4,1,"鳥取",0,182,0,0,0,0
2020,4,1,"島根",0,136,0,0,0,0
2020,4,1,"岡山",4,321,4,4,0,0
2020,4,1,"広島",6,960,6,5,1,0
2020,4,1,"山口",6,287,6,3,3,0
2020,4,1,"徳島",3,144,3,2,1,0
2020,4,1,"香川",2,243,2,2,0,0
2020,4,1,"愛媛",9,267,9,7,2,0
2020,4,1,"高知",20,389,20,8,12,0
2020,4,1,"福岡",52,1069,52,47,5,0
2020,4,1,"佐賀",4,150,4,4,0,0
2020,4,1,"長崎",5,351,5,4,1,0
2020,4,1,"熊本",15,925,15,12,3,0
2020,4,1,"大分",29,1647,29,28,1,0
2020,4,1,"宮崎",3,284,3,2,1,0
2020,4,1,"鹿児島",2,265,2,2,0,0
2020,4,1,"沖縄",9,356,9,7,2,0
2020,4,2,"北海道",185,2218,185,46,131,8
2020,4,2,"青森",9,160,9,9,0,0
2020,4,2,"岩手",0,73,0,0,0,0
2020,4,2,"宮城",12,244,12,11,1,0
2020,4,2,"秋田",7,321,7,5,2,0
2020,4,2,"山形",1,275,1,1,0,0
2020,4,2,"福島",8,238,8,7,1,0
2020,4,2,"茨城",26,1266,26,24,0,2
2020,4,2,"栃木",14,571,14,12,2,0
2020,4,2,"群馬",20,542,20,19,0,1
2020,4,2,"埼玉",113,1476,113,88,21,4
2020,4,2,"千葉",181,712,181,154,26,1
2020,4,2,"東京",684,3806,684,628,40,16
2020,4,2,"神奈川",153,954,153,119,28,6
2020,4,2,"新潟",31,1139,31,21,10,0
2020,4,2,"富山",8,137,8,8,0,0
2020,4,2,"石川",16,248,16,11,5,0
2020,4,2,"福井",31,233,31,30,0,1
2020,4,2,"山梨",9,579,9,7,2,0
2020,4,2,"長野",9,596,9,6,3,0
2020,4,2,"岐阜",22,806,22,20,2,0
2020,4,2,"静岡",6,957,6,3,3,0
2020,4,2,"愛知",186,3123,186,120,47,19
2020,4,2,"三重",12,507,12,10,2,0
2020,4,2,"滋賀",8,259,8,5,3,0
2020,4,2,"京都",79,1189,79,61,18,0
2020,4,2,"大阪",312,1149,312,239,71,2
2020,4,2,"兵庫",167,2610,167,138,18,11
2020,4,2,"奈良",19,355,19,11,8,0
2020,4,2,"和歌山",20,1531,20,5,14,1
2020,4,2,"鳥取",0,201,0,0,0,0
2020,4,2,"島根",0,152,0,0,0,0
2020,4,2,"岡山",7,365,7,7,0,0
2020,4,2,"広島",6,1023,6,5,1,0
2020,4,2,"山口",6,328,6,3,3,0
2020,4,2,"徳島",3,156,3,2,1,0
2020,4,2,"香川",2,304,2,2,0,0
2020,4,2,"愛媛",11,312,11,9,2,0
2020,4,2,"高知",21,417,21,9,12,0
2020,4,2,"福岡",62,1198,62,57,5,0
2020,4,2,"佐賀",4,153,4,4,0,0
2020,4,2,"長崎",5,429,5,4,1,0
2020,4,2,"熊本",15,1036,15,12,3,0
2020,4,2,"大分",30,1710,30,29,1,0
2020,4,2,"宮崎",3,326,3,2,1,0
2020,4,2,"鹿児島",3,308,3,3,0,0
2020,4,2,"沖縄",9,399,9,7,2,0
2020,4,3,"北海道",190,2296,190,52,130,8
2020,4,3,"青森",11,180,11,11,0,0
2020,4,3,"岩手",0,76,0,0,0,0
2020,4,3,"宮城",13,348,13,12,1,0
2020,4,3,"秋田",9,349,9,7,2,0
2020,4,3,"山形",1,369,1,1,0,0
2020,4,3,"福島",9,264,9,8,1,0
2020,4,3,"茨城",54,1383,54,51,1,2
2020,4,3,"栃木",14,657,14,11,3,0
2020,4,3,"群馬",24,860,24,23,0,1
2020,4,3,"埼玉",131,1547,131,104,23,4
2020,4,3,"千葉",192,788,192,160,31,1
2020,4,3,"東京",773,4357,773,704,51,18
2020,4,3,"神奈川",181,1099,181,143,32,6
2020,4,3,"新潟",32,1248,32,21,11,0
2020,4,3,"富山",8,198,8,8,0,0
2020,4,3,"石川",24,264,24,19,5,0
2020,4,3,"福井",40,272,40,39,0,1
2020,4,3,"山梨",9,625,9,7,2,0
2020,4,3,"長野",10,667,10,6,4,0
2020,4,3,"岐阜",39,827,39,37,2,0
2020,4,3,"静岡",8,1006,8,5,3,0
2020,4,3,"愛知",198,2917,198,131,48,19
2020,4,3,"三重",12,598,12,8,4,0
2020,4,3,"滋賀",14,293,14,11,3,0
2020,4,3,"京都",91,1398,91,73,18,0
2020,4,3,"大阪",347,1251,347,272,73,2
2020,4,3,"兵庫",172,2791,172,110,51,11
2020,4,3,"奈良",21,359,21,13,8,0
2020,4,3,"和歌山",21,1571,21,5,15,1
2020,4,3,"鳥取",0,227,0,0,0,0
2020,4,3,"島根",0,158,0,0,0,0
2020,4,3,"岡山",9,390,9,9,0,0
2020,4,3,"広島",8,1023,8,7,1,0
2020,4,3,"山口",7,354,7,4,3,0
2020,4,3,"徳島",3,164,3,2,1,0
2020,4,3,"香川",2,344,2,2,0,0
2020,4,3,"愛媛",11,350,11,7,3,1
2020,4,3,"高知",21,454,21,9,12,0
2020,4,3,"福岡",66,1584,66,61,5,0
2020,4,3,"佐賀",5,184,5,5,0,0
2020,4,3,"長崎",7,505,7,5,2,0
2020,4,3,"熊本",15,1095,15,12,3,0
2020,4,3,"大分",31,1739,31,25,6,0
2020,4,3,"宮崎",4,338,4,2,2,0
2020,4,3,"鹿児島",3,346,3,3,0,0
2020,4,3,"沖縄",9,430,9,7,2,0
2020,4,4,"北海道",193,2296,193,55,130,8
2020,4,4,"青森",11,188,11,11,0,0
2020,4,4,"岩手",0,76,0,0,0,0
2020,4,4,"宮城",20,348,20,19,1,0
2020,4,4,"秋田",10,349,10,8,2,0
2020,4,4,"山形",6,369,6,6,0,0
2020,4,4,"福島",14,264,14,13,1,0
2020,4,4,"茨城",59,1383,59,56,1,2
2020,4,4,"栃木",14,657,14,11,3,0
2020,4,4,"群馬",25,866,25,23,1,1
2020,4,4,"埼玉",153,1547,153,126,23,4
2020,4,4,"千葉",219,828,219,187,31,1
2020,4,4,"東京",891,4422,891,817,51,23
2020,4,4,"神奈川",197,1099,197,159,32,6
2020,4,4,"新潟",32,1248,32,21,11,0
2020,4,4,"富山",10,198,10,10,0,0
2020,4,4,"石川",32,264,32,27,5,0
2020,4,4,"福井",44,275,44,43,0,1
2020,4,4,"山梨",11,625,11,9,2,0
2020,4,4,"長野",11,669,11,7,4,0
2020,4,4,"岐阜",43,833,43,40,2,1
2020,4,4,"静岡",10,1006,10,7,3,0
2020,4,4,"愛知",216,2917,216,149,48,19
2020,4,4,"三重",12,598,12,8,4,0
2020,4,4,"滋賀",17,293,17,14,3,0
2020,4,4,"京都",105,1398,105,87,18,0
2020,4,4,"大阪",388,1292,388,306,80,2
2020,4,4,"兵庫",182,2805,182,119,52,11
2020,4,4,"奈良",24,364,24,16,8,0
2020,4,4,"和歌山",21,1579,21,5,15,1
2020,4,4,"鳥取",0,227,0,0,0,0
2020,4,4,"島根",0,161,0,0,0,0
2020,4,4,"岡山",10,390,10,10,0,0
2020,4,4,"広島",13,1040,13,12,1,0
2020,4,4,"山口",7,396,7,4,3,0
2020,4,4,"徳島",3,164,3,2,1,0
2020,4,4,"香川",2,344,2,2,0,0
2020,4,4,"愛媛",12,350,12,8,3,1
2020,4,4,"高知",24,482,24,12,12,0
2020,4,4,"福岡",67,1594,67,62,5,0
2020,4,4,"佐賀",6,184,6,6,0,0
2020,4,4,"長崎",8,505,8,6,2,0
2020,4,4,"熊本",16,1125,16,13,3,0
2020,4,4,"大分",31,1739,31,25,6,0
2020,4,4,"宮崎",4,346,4,2,2,0
2020,4,4,"鹿児島",3,346,3,3,0,0
2020,4,4,"沖縄",9,430,9,7,2,0
2020,4,5,"北海道",194,2296,194,56,130,8
2020,4,5,"青森",11,199,11,11,0,0
2020,4,5,"岩手",0,76,0,0,0,0
2020,4,5,"宮城",23,348,23,22,1,0
2020,4,5,"秋田",11,349,11,9,2,0
2020,4,5,"山形",10,369,10,10,0,0
2020,4,5,"福島",16,264,16,15,1,0
2020,4,5,"茨城",64,1383,64,61,1,2
2020,4,5,"栃木",14,657,14,11,3,0
2020,4,5,"群馬",26,866,26,24,1,1
2020,4,5,"埼玉",174,1550,174,147,23,4
2020,4,5,"千葉",238,876,238,205,32,1
2020,4,5,"東京",1033,4484,1033,951,52,30
2020,4,5,"神奈川",226,1100,226,188,32,6
2020,4,5,"新潟",32,1248,32,21,11,0
2020,4,5,"富山",10,198,10,10,0,0
2020,4,5,"石川",43,264,43,38,5,0
2020,4,5,"福井",51,310,51,49,0,2
2020,4,5,"山梨",13,625,13,11,2,0
2020,4,5,"長野",12,670,12,8,4,0
2020,4,5,"岐阜",50,842,50,47,2,1
2020,4,5,"静岡",10,1006,10,7,3,0
2020,4,5,"愛知",227,2917,227,159,48,20
2020,4,5,"三重",13,598,13,9,4,0
2020,4,5,"滋賀",18,293,18,15,3,0
2020,4,5,"京都",111,1405,111,93,18,0
2020,4,5,"大阪",409,1311,409,324,82,3
2020,4,5,"兵庫",195,2805,195,132,52,11
2020,4,5,"奈良",25,368,25,17,8,0
2020,4,5,"和歌山",25,1580,25,9,15,1
2020,4,5,"鳥取",0,227,0,0,0,0
2020,4,5,"島根",0,163,0,0,0,0
2020,4,5,"岡山",11,390,11,11,0,0
2020,4,5,"広島",16,1053,16,15,1,0
2020,4,5,"山口",8,409,8,5,3,0
2020,4,5,"徳島",3,164,3,2,1,0
2020,4,5,"香川",2,344,2,2,0,0
2020,4,5,"愛媛",12,350,12,8,3,1
2020,4,5,"高知",31,498,31,19,12,0
2020,4,5,"福岡",109,1595,109,103,6,0
2020,4,5,"佐賀",8,189,8,7,1,0
2020,4,5,"長崎",9,505,9,7,2,0
2020,4,5,"熊本",20,1144,20,17,3,0
2020,4,5,"大分",31,1739,31,25,6,0
2020,4,5,"宮崎",6,356,6,4,2,0
2020,4,5,"鹿児島",3,346,3,3,0,0
2020,4,5,"沖縄",9,430,9,7,2,0
2020,4,6,"北海道",194,2445,194,44,141,9
2020,4,6,"青森",11,233,11,11,0,0
2020,4,6,"岩手",0,86,0,0,0,0
2020,4,6,"宮城",26,514,26,25,1,0
2020,4,6,"秋田",11,419,11,9,2,0
2020,4,6,"山形",13,434,13,13,0,0
2020,4,6,"福島",16,328,16,15,1,0
2020,4,6,"茨城",71,1806,71,68,1,2
2020,4,6,"栃木",14,759,14,11,3,0
2020,4,6,"群馬",26,1361,26,24,1,1
2020,4,6,"埼玉",195,1647,195,168,23,4
2020,4,6,"千葉",253,1297,253,220,32,1
2020,4,6,"東京",1116,4840,1116,1034,52,30
2020,4,6,"神奈川",261,1799,261,223,32,6
2020,4,6,"新潟",32,1345,32,21,11,0
2020,4,6,"富山",11,381,11,11,0,0
2020,4,6,"石川",45,384,45,40,5,0
2020,4,6,"福井",57,335,57,54,1,2
2020,4,6,"山梨",14,749,14,12,2,0
2020,4,6,"長野",14,736,14,10,4,0
2020,4,6,"岐阜",51,966,51,48,2,1
2020,4,6,"静岡",10,1203,10,7,3,0
2020,4,6,"愛知",237,3236,237,164,52,21
2020,4,6,"三重",13,759,13,9,4,0
2020,4,6,"滋賀",18,334,18,15,3,0
2020,4,6,"京都",119,1472,119,101,18,0
2020,4,6,"大阪",429,1751,429,343,83,3
2020,4,6,"兵庫",201,3054,201,136,53,12
2020,4,6,"奈良",26,374,26,18,8,0
2020,4,6,"和歌山",27,1642,27,11,15,1
2020,4,6,"鳥取",0,242,0,0,0,0
2020,4,6,"島根",0,166,0,0,0,0
2020,4,6,"岡山",11,479,11,11,0,0
2020,4,6,"広島",16,1348,16,15,1,0
2020,4,6,"山口",12,449,12,9,3,0
2020,4,6,"徳島",3,174,3,2,1,0
2020,4,6,"香川",2,371,2,2,0,0
2020,4,6,"愛媛",14,407,14,9,4,1
2020,4,6,"高知",34,565,34,22,12,0
2020,4,6,"福岡",113,2415,113,107,6,0
2020,4,6,"佐賀",8,223,8,7,1,0
2020,4,6,"長崎",9,665,9,7,2,0
2020,4,6,"熊本",20,1420,20,17,3,0
2020,4,6,"大分",32,1843,32,24,8,0
2020,4,6,"宮崎",7,425,7,4,3,0
2020,4,6,"鹿児島",3,414,3,3,0,0
2020,4,6,"沖縄",15,480,15,13,2,0
2020,4,7,"北海道",198,2476,198,46,143,9
2020,4,7,"青森",11,249,11,11,0,0
2020,4,7,"岩手",0,104,0,0,0,0
2020,4,7,"宮城",27,609,27,26,1,0
2020,4,7,"秋田",11,443,11,9,2,0
2020,4,7,"山形",19,527,19,19,0,0
2020,4,7,"福島",24,346,24,23,1,0
2020,4,7,"茨城",77,1927,77,74,1,2
2020,4,7,"栃木",15,784,15,12,3,0
2020,4,7,"群馬",29,1380,29,27,1,1
2020,4,7,"埼玉",209,1776,209,182,23,4
2020,4,7,"千葉",284,1297,284,251,32,1
2020,4,7,"東京",1195,5111,1195,1112,52,31
2020,4,7,"神奈川",279,1996,279,237,35,7
2020,4,7,"新潟",34,1413,34,19,15,0
2020,4,7,"富山",12,435,12,12,0,0
2020,4,7,"石川",51,430,51,46,5,0
2020,4,7,"福井",57,378,57,54,1,2
2020,4,7,"山梨",19,828,19,17,2,0
2020,4,7,"長野",14,762,14,11,3,0
2020,4,7,"岐阜",51,988,51,47,3,1
2020,4,7,"静岡",10,1221,10,7,3,0
2020,4,7,"愛知",258,3295,258,185,52,21
2020,4,7,"三重",13,781,13,9,4,0
2020,4,7,"滋賀",18,379,18,15,3,0
2020,4,7,"京都",139,1683,139,121,18,0
2020,4,7,"大阪",482,1792,482,396,83,3
2020,4,7,"兵庫",216,3151,216,151,53,12
2020,4,7,"奈良",28,452,28,20,8,0
2020,4,7,"和歌山",28,1702,28,12,15,1
2020,4,7,"鳥取",0,249,0,0,0,0
2020,4,7,"島根",0,170,0,0,0,0
2020,4,7,"岡山",12,496,12,12,0,0
2020,4,7,"広島",19,1380,19,18,1,0
2020,4,7,"山口",13,455,13,10,3,0
2020,4,7,"徳島",3,193,3,2,1,0
2020,4,7,"香川",2,398,2,2,0,0
2020,4,7,"愛媛",23,418,23,18,4,1
2020,4,7,"高知",36,591,36,24,12,0
2020,4,7,"福岡",136,2718,136,129,7,0
2020,4,7,"佐賀",9,245,9,8,1,0
2020,4,7,"長崎",9,709,9,7,2,0
2020,4,7,"熊本",21,1461,21,18,3,0
2020,4,7,"大分",32,1862,32,24,8,0
2020,4,7,"宮崎",7,453,7,4,3,0
2020,4,7,"鹿児島",3,449,3,3,0,0
2020,4,7,"沖縄",27,521,27,25,2,0
2020,4,8,"北海道",208,2488,208,53,146,9
2020,4,8,"青森",12,260,12,12,0,0
2020,4,8,"岩手",0,119,0,0,0,0
2020,4,8,"宮城",34,558,34,33,1,0
2020,4,8,"秋田",11,463,11,9,2,0
2020,4,8,"山形",22,663,22,22,0,0
2020,4,8,"福島",29,412,29,28,1,0
2020,4,8,"茨城",77,1927,77,71,4,2
2020,4,8,"栃木",21,831,21,16,5,0
2020,4,8,"群馬",29,1423,29,26,2,1
2020,4,8,"埼玉",242,1839,242,215,23,4
2020,4,8,"千葉",317,1500,317,284,32,1
2020,4,8,"東京",1338,5477,1338,1251,52,35
2020,4,8,"神奈川",327,2203,327,284,37,6
2020,4,8,"新潟",37,1462,37,19,18,0
2020,4,8,"富山",14,499,14,14,0,0
2020,4,8,"石川",66,472,66,61,5,0
2020,4,8,"福井",67,407,67,64,1,2
2020,4,8,"山梨",22,887,22,20,2,0
2020,4,8,"長野",19,783,19,16,3,0
2020,4,8,"岐阜",69,1046,69,65,3,1
2020,4,8,"静岡",15,1295,15,12,3,0
2020,4,8,"愛知",278,3467,278,205,52,21
2020,4,8,"三重",13,824,13,8,5,0
2020,4,8,"滋賀",24,409,24,21,3,0
2020,4,8,"京都",149,1787,149,126,23,0
2020,4,8,"大阪",525,1792,525,403,116,6
2020,4,8,"兵庫",216,3327,216,151,53,12
2020,4,8,"奈良",30,482,30,22,8,0
2020,4,8,"和歌山",29,1756,29,13,15,1
2020,4,8,"鳥取",0,258,0,0,0,0
2020,4,8,"島根",0,185,0,0,0,0
2020,4,8,"岡山",15,534,15,15,0,0
2020,4,8,"広島",23,1486,23,22,1,0
2020,4,8,"山口",17,513,17,14,3,0
2020,4,8,"徳島",3,206,3,2,1,0
2020,4,8,"香川",3,415,3,3,0,0
2020,4,8,"愛媛",25,450,25,20,4,1
2020,4,8,"高知",37,646,37,25,12,0
2020,4,8,"福岡",161,3106,161,154,7,0
2020,4,8,"佐賀",11,271,11,10,1,0
2020,4,8,"長崎",12,813,12,10,2,0
2020,4,8,"熊本",23,1552,23,20,3,0
2020,4,8,"大分",41,1907,41,33,8,0
2020,4,8,"宮崎",12,498,12,9,3,0
2020,4,8,"鹿児島",3,483,3,3,0,0
2020,4,8,"沖縄",32,588,32,29,3,0
2020,4,9,"北海道",226,2488,226,71,145,10
2020,4,9,"青森",14,278,14,14,0,0
2020,4,9,"岩手",0,127,0,0,0,0
2020,4,9,"宮城",36,558,36,35,1,0
2020,4,9,"秋田",11,484,11,9,2,0
2020,4,9,"山形",27,663,27,27,0,0
2020,4,9,"福島",33,482,33,31,2,0
2020,4,9,"茨城",81,2140,81,75,4,2
2020,4,9,"栃木",31,871,31,26,5,0
2020,4,9,"群馬",33,1466,33,28,4,1
2020,4,9,"埼玉",271,1934,271,241,25,5
2020,4,9,"千葉",342,1500,342,306,35,1
2020,4,9,"東京",1519,5821,1519,1431,52,36
2020,4,9,"神奈川",375,2203,375,332,37,6
2020,4,9,"新潟",39,1443,39,22,17,0
2020,4,9,"富山",16,602,16,16,0,0
2020,4,9,"石川",72,494,72,67,5,0
2020,4,9,"福井",72,455,72,67,3,2
2020,4,9,"山梨",24,946,24,22,2,0
2020,4,9,"長野",21,841,21,18,3,0
2020,4,9,"岐阜",76,1110,76,70,5,1
2020,4,9,"静岡",16,1389,16,13,3,0
2020,4,9,"愛知",299,3467,299,225,53,21
2020,4,9,"三重",15,861,15,10,5,0
2020,4,9,"滋賀",26,453,26,23,3,0
2020,4,9,"京都",159,1867,159,129,29,1
2020,4,9,"大阪",589,1792,589,465,118,6
2020,4,9,"兵庫",273,3496,273,203,58,12
2020,4,9,"奈良",34,509,34,26,8,0
2020,4,9,"和歌山",32,1756,32,16,15,1
2020,4,9,"鳥取",0,277,0,0,0,0
2020,4,9,"島根",1,191,1,1,0,0
2020,4,9,"岡山",16,564,16,16,0,0
2020,4,9,"広島",25,1638,25,22,3,0
2020,4,9,"山口",17,528,17,14,3,0
2020,4,9,"徳島",3,217,3,2,1,0
2020,4,9,"香川",3,441,3,3,0,0
2020,4,9,"愛媛",26,485,26,21,4,1
2020,4,9,"高知",47,709,47,35,12,0
2020,4,9,"福岡",187,3873,187,180,7,0
2020,4,9,"佐賀",11,334,11,10,1,0
2020,4,9,"長崎",14,880,14,12,2,0
2020,4,9,"熊本",23,1639,23,19,4,0
2020,4,9,"大分",41,2035,41,31,10,0
2020,4,9,"宮崎",16,545,16,13,3,0
2020,4,9,"鹿児島",3,483,3,3,0,0
2020,4,9,"沖縄",42,619,42,39,3,0
2020,4,10,"北海道",239,2690,239,80,148,11
2020,4,10,"青森",14,313,14,11,3,0
2020,4,10,"岩手",0,136,0,0,0,0
2020,4,10,"宮城",37,660,37,36,1,0
2020,4,10,"秋田",12,491,12,7,5,0
2020,4,10,"山形",27,782,27,27,0,0
2020,4,10,"福島",36,541,36,33,3,0
2020,4,10,"茨城",82,2221,82,72,7,3
2020,4,10,"栃木",31,1003,31,26,5,0
2020,4,10,"群馬",35,1490,35,29,5,1
2020,4,10,"埼玉",325,1973,325,295,25,5
2020,4,10,"千葉",375,1691,375,336,37,2
2020,4,10,"東京",1705,6183,1705,1613,52,40
2020,4,10,"神奈川",425,2600,425,375,44,6
2020,4,10,"新潟",41,1587,41,17,24,0
2020,4,10,"富山",23,639,23,23,0,0
2020,4,10,"石川",92,562,92,87,5,0
2020,4,10,"福井",76,511,76,68,6,2
2020,4,10,"山梨",27,1013,27,25,2,0
2020,4,10,"長野",28,892,28,25,3,0
2020,4,10,"岐阜",82,1182,82,76,5,1
2020,4,10,"静岡",34,1426,34,31,3,0
2020,4,10,"愛知",313,3990,313,228,63,22
2020,4,10,"三重",15,906,15,10,5,0
2020,4,10,"滋賀",34,487,34,31,3,0
2020,4,10,"京都",168,1968,168,138,29,1
2020,4,10,"大阪",697,2133,697,570,121,6
2020,4,10,"兵庫",316,3691,316,245,59,12
2020,4,10,"奈良",37,523,37,29,8,0
2020,4,10,"和歌山",33,1877,33,17,15,1
2020,4,10,"鳥取",1,299,1,1,0,0
2020,4,10,"島根",2,205,2,2,0,0
2020,4,10,"岡山",16,595,16,15,1,0
2020,4,10,"広島",25,1714,25,22,3,0
2020,4,10,"山口",17,557,17,14,3,0
2020,4,10,"徳島",3,228,3,2,1,0
2020,4,10,"香川",4,480,4,4,0,0
2020,4,10,"愛媛",28,545,28,23,4,1
2020,4,10,"高知",52,781,52,40,12,0
2020,4,10,"福岡",224,4109,224,217,7,0
2020,4,10,"佐賀",12,356,12,11,1,0
2020,4,10,"長崎",14,933,14,12,2,0
2020,4,10,"熊本",23,1693,23,18,4,1
2020,4,10,"大分",42,2070,42,32,10,0
2020,4,10,"宮崎",16,585,16,13,3,0
2020,4,10,"鹿児島",3,523,3,3,0,0
2020,4,10,"沖縄",49,680,49,46,3,0
2020,4,11,"北海道",255,2836,255,86,158,11
2020,4,11,"青森",22,313,22,19,3,0
2020,4,11,"岩手",0,136,0,0,0,0
2020,4,11,"宮城",46,660,46,45,1,0
2020,4,11,"秋田",13,491,13,8,5,0
2020,4,11,"山形",32,782,32,32,0,0
2020,4,11,"福島",37,541,37,34,3,0
2020,4,11,"茨城",91,2221,91,80,8,3
2020,4,11,"栃木",32,1003,32,27,5,0
2020,4,11,"群馬",79,1495,79,72,5,2
2020,4,11,"埼玉",345,2216,345,315,25,5
2020,4,11,"千葉",411,1743,411,369,38,4
2020,4,11,"東京",1902,6686,1902,1810,52,40
2020,4,11,"神奈川",465,2604,465,415,44,6
2020,4,11,"新潟",41,1587,41,17,24,0
2020,4,11,"富山",23,646,23,23,0,0
2020,4,11,"石川",104,562,104,99,5,0
2020,4,11,"福井",86,515,86,78,6,2
2020,4,11,"山梨",32,1013,32,30,2,0
2020,4,11,"長野",28,899,28,25,3,0
2020,4,11,"岐阜",91,1185,91,85,5,1
2020,4,11,"静岡",39,1426,39,36,3,0
2020,4,11,"愛知",317,3990,317,255,63,22
2020,4,11,"三重",17,906,17,12,5,0
2020,4,11,"滋賀",38,487,38,35,3,0
2020,4,11,"京都",181,1968,181,147,33,1
2020,4,11,"大阪",767,2362,767,640,121,6
2020,4,11,"兵庫",358,3830,358,286,59,13
2020,4,11,"奈良",39,539,39,31,8,0
2020,4,11,"和歌山",33,1989,33,15,17,1
2020,4,11,"鳥取",1,299,1,1,0,0
2020,4,11,"島根",6,205,6,6,0,0
2020,4,11,"岡山",16,595,16,15,1,0
2020,4,11,"広島",31,1754,31,28,3,0
2020,4,11,"山口",19,557,19,16,3,0
2020,4,11,"徳島",3,228,3,0,3,0
2020,4,11,"香川",4,480,4,3,1,0
2020,4,11,"愛媛",30,545,30,25,4,1
2020,4,11,"高知",54,814,54,41,13,0
2020,4,11,"福岡",332,4137,332,325,7,0
2020,4,11,"佐賀",12,367,12,11,1,0
2020,4,11,"長崎",14,933,14,12,2,0
2020,4,11,"熊本",23,1728,23,18,4,1
2020,4,11,"大分",42,2070,42,32,10,0
2020,4,11,"宮崎",17,612,17,14,3,0
2020,4,11,"鹿児島",4,523,4,4,0,0
2020,4,11,"沖縄",49,680,49,46,3,0
2020,4,12,"北海道",267,2836,267,98,158,11
2020,4,12,"青森",22,313,22,19,3,0
2020,4,12,"岩手",0,136,0,0,0,0
2020,4,12,"宮城",52,660,52,50,2,0
2020,4,12,"秋田",15,491,15,10,5,0
2020,4,12,"山形",34,782,34,34,0,0
2020,4,12,"福島",38,541,38,35,3,0
2020,4,12,"茨城",109,2221,109,97,9,3
2020,4,12,"栃木",35,1003,35,30,5,0
2020,4,12,"群馬",90,1495,90,83,5,2
2020,4,12,"埼玉",386,2216,386,355,26,5
2020,4,12,"千葉",455,1743,455,412,39,4
2020,4,12,"東京",2068,6743,2068,1974,52,42
2020,4,12,"神奈川",478,2604,478,427,44,7
2020,4,12,"新潟",42,1587,42,18,24,0
2020,4,12,"富山",30,646,30,30,0,0
2020,4,12,"石川",113,562,113,108,5,0
2020,4,12,"福井",88,515,88,80,6,2
2020,4,12,"山梨",35,1013,35,33,2,0
2020,4,12,"長野",29,899,29,26,3,0
2020,4,12,"岐阜",105,1185,105,99,5,1
2020,4,12,"静岡",41,1426,41,38,3,0
2020,4,12,"愛知",319,3990,319,234,63,22
2020,4,12,"三重",17,906,17,8,9,0
2020,4,12,"滋賀",38,487,38,35,3,0
2020,4,12,"京都",193,1968,193,157,33,3
2020,4,12,"大阪",812,2362,812,679,127,6
2020,4,12,"兵庫",375,3830,375,303,59,13
2020,4,12,"奈良",41,539,41,33,8,0
2020,4,12,"和歌山",34,1989,34,16,17,1
2020,4,12,"鳥取",1,299,1,1,0,0
2020,4,12,"島根",7,205,7,7,0,0
2020,4,12,"岡山",16,595,16,15,1,0
2020,4,12,"広島",56,1754,56,53,3,0
2020,4,12,"山口",23,557,23,20,3,0
2020,4,12,"徳島",3,228,3,0,3,0
2020,4,12,"香川",8,480,8,7,1,0
2020,4,12,"愛媛",30,545,30,24,4,2
2020,4,12,"高知",60,814,60,46,14,0
2020,4,12,"福岡",362,4137,362,355,7,0
2020,4,12,"佐賀",13,367,13,12,1,0
2020,4,12,"長崎",14,933,14,12,2,0
2020,4,12,"熊本",28,1728,28,23,4,1
2020,4,12,"大分",42,2070,42,32,10,0
2020,4,12,"宮崎",17,612,17,14,3,0
2020,4,12,"鹿児島",4,523,4,4,0,0
2020,4,12,"沖縄",66,680,66,63,3,0
2020,4,13,"北海道",272,3257,272,100,161,11
2020,4,13,"青森",22,391,22,18,4,0
2020,4,13,"岩手",0,155,0,0,0,0
2020,4,13,"宮城",54,816,54,49,5,0
2020,4,13,"秋田",15,555,15,10,5,0
2020,4,13,"山形",35,932,35,35,0,0
2020,4,13,"福島",38,701,38,35,3,0
2020,4,13,"茨城",110,2501,110,97,10,3
2020,4,13,"栃木",36,1082,36,29,7,0
2020,4,13,"群馬",91,1717,91,84,5,2
2020,4,13,"埼玉",414,2415,414,383,26,5
2020,4,13,"千葉",474,2329,474,431,39,4
2020,4,13,"東京",2158,6993,2158,2064,52,42
2020,4,13,"神奈川",572,3116,572,505,55,12
2020,4,13,"新潟",42,1670,42,17,25,0
2020,4,13,"富山",49,910,49,48,1,0
2020,4,13,"石川",121,718,121,116,5,0
2020,4,13,"福井",92,710,92,83,7,2
2020,4,13,"山梨",35,1157,35,33,2,0
2020,4,13,"長野",34,1068,34,30,4,0
2020,4,13,"岐阜",112,1442,112,106,5,1
2020,4,13,"静岡",46,1606,46,43,3,0
2020,4,13,"愛知",328,4201,328,242,63,23
2020,4,13,"三重",17,995,17,6,11,0
2020,4,13,"滋賀",40,552,40,35,5,0
2020,4,13,"京都",205,2225,205,169,33,3
2020,4,13,"大阪",836,3073,836,683,147,6
2020,4,13,"兵庫",384,4250,384,311,59,14
2020,4,13,"奈良",44,618,44,36,8,0
2020,4,13,"和歌山",34,2092,34,16,17,1
2020,4,13,"鳥取",1,378,1,1,0,0
2020,4,13,"島根",8,366,8,8,0,0
2020,4,13,"岡山",16,669,16,15,1,0
2020,4,13,"広島",57,2091,57,54,3,0
2020,4,13,"山口",24,657,24,19,5,0
2020,4,13,"徳島",3,236,3,0,3,0
2020,4,13,"香川",16,546,16,15,1,0
2020,4,13,"愛媛",37,631,37,31,4,2
2020,4,13,"高知",60,913,60,44,16,0
2020,4,13,"福岡",373,5051,373,366,7,0
2020,4,13,"佐賀",13,405,13,12,1,0
2020,4,13,"長崎",14,1106,14,12,2,0
2020,4,13,"熊本",28,1877,28,22,5,1
2020,4,13,"大分",43,2161,43,33,10,0
2020,4,13,"宮崎",17,703,17,14,3,0
2020,4,13,"鹿児島",4,614,4,4,0,0
2020,4,13,"沖縄",72,816,72,69,3,0
2020,4,14,"北海道",279,3297,279,106,161,12
2020,4,14,"青森",22,410,22,17,5,0
2020,4,14,"岩手",0,170,0,0,0,0
2020,4,14,"宮城",64,852,64,59,5,0
2020,4,14,"秋田",16,603,16,11,5,0
2020,4,14,"山形",39,1055,39,39,0,0
2020,4,14,"福島",39,706,39,36,3,0
2020,4,14,"茨城",116,2719,116,103,10,3
2020,4,14,"栃木",38,1121,38,31,7,0
2020,4,14,"群馬",97,1787,97,90,5,2
2020,4,14,"埼玉",433,3056,433,399,27,7
2020,4,14,"千葉",490,2447,490,440,45,5
2020,4,14,"東京",2319,7084,2319,2220,52,47
2020,4,14,"神奈川",594,3306,594,525,55,14
2020,4,14,"新潟",45,1787,45,20,25,0
2020,4,14,"富山",54,956,54,53,1,0
2020,4,14,"石川",131,778,131,125,5,1
2020,4,14,"福井",92,765,92,82,8,2
2020,4,14,"山梨",36,1205,36,34,2,0
2020,4,14,"長野",35,1106,35,31,4,0
2020,4,14,"岐阜",127,1519,127,120,6,1
2020,4,14,"静岡",46,1647,46,43,3,0
2020,4,14,"愛知",338,4250,338,251,63,24
2020,4,14,"三重",19,1002,19,8,11,0
2020,4,14,"滋賀",51,599,51,46,5,0
2020,4,14,"京都",210,2275,210,173,34,3
2020,4,14,"大阪",895,3140,895,736,152,7
2020,4,14,"兵庫",403,4403,403,327,61,15
2020,4,14,"奈良",47,641,47,39,8,0
2020,4,14,"和歌山",35,2119,35,17,17,1
2020,4,14,"鳥取",1,432,1,1,0,0
2020,4,14,"島根",10,442,10,10,0,0
2020,4,14,"岡山",16,688,16,15,1,0
2020,4,14,"広島",66,2276,66,63,3,0
2020,4,14,"山口",25,738,25,20,5,0
2020,4,14,"徳島",3,248,3,0,3,0
2020,4,14,"香川",20,637,20,19,1,0
2020,4,14,"愛媛",39,653,39,33,4,2
2020,4,14,"高知",60,935,60,44,16,0
2020,4,14,"福岡",403,5195,403,371,32,0
2020,4,14,"佐賀",15,422,15,14,1,0
2020,4,14,"長崎",14,1142,14,12,2,0
2020,4,14,"熊本",29,1944,29,23,5,1
2020,4,14,"大分",43,2172,43,30,13,0
2020,4,14,"宮崎",17,733,17,14,3,0
2020,4,14,"鹿児島",4,628,4,4,0,0
2020,4,14,"沖縄",76,856,76,73,3,0
2020,4,15,"北海道",302,3473,302,128,161,13
2020,4,15,"青森",22,433,22,17,5,0
2020,4,15,"岩手",0,181,0,0,0,0
2020,4,15,"宮城",65,992,65,59,6,0
2020,4,15,"秋田",16,666,16,11,5,0
2020,4,15,"山形",45,1118,45,45,0,0
2020,4,15,"福島",40,786,40,37,3,0
2020,4,15,"茨城",119,2883,119,104,10,5
2020,4,15,"栃木",39,1167,39,32,7,0
2020,4,15,"群馬",107,1866,107,98,5,4
2020,4,15,"埼玉",479,3635,479,444,28,7
2020,4,15,"千葉",525,2688,525,475,45,5
2020,4,15,"東京",2446,7244,2446,2341,52,53
2020,4,15,"神奈川",614,3476,614,544,55,15
2020,4,15,"新潟",46,1874,46,21,25,0
2020,4,15,"富山",54,1021,54,53,1,0
2020,4,15,"石川",140,826,140,131,5,4
2020,4,15,"福井",100,865,100,90,8,2
2020,4,15,"山梨",39,1295,39,37,2,0
2020,4,15,"長野",36,1159,36,32,4,0
2020,4,15,"岐阜",128,1626,128,115,12,1
2020,4,15,"静岡",47,1790,47,44,3,0
2020,4,15,"愛知",350,4784,350,260,66,24
2020,4,15,"三重",20,1039,20,9,11,0
2020,4,15,"滋賀",52,636,52,47,5,0
2020,4,15,"京都",215,2362,215,175,37,3
2020,4,15,"大阪",969,3504,969,806,155,8
2020,4,15,"兵庫",423,4640,423,347,61,15
2020,4,15,"奈良",53,676,53,43,9,1
2020,4,15,"和歌山",37,2197,37,17,19,1
2020,4,15,"鳥取",1,446,1,1,0,0
2020,4,15,"島根",13,517,13,13,0,0
2020,4,15,"岡山",16,722,16,15,1,0
2020,4,15,"広島",67,2334,67,64,3,0
2020,4,15,"山口",28,773,28,23,5,0
2020,4,15,"徳島",3,259,3,0,3,0
2020,4,15,"香川",20,721,20,19,1,0
2020,4,15,"愛媛",40,680,40,34,4,2
2020,4,15,"高知",62,1007,62,46,16,0
2020,4,15,"福岡",433,5667,433,382,45,6
2020,4,15,"佐賀",17,451,17,16,1,0
2020,4,15,"長崎",15,1221,15,13,2,0
2020,4,15,"熊本",31,2056,31,25,5,1
2020,4,15,"大分",50,2239,50,37,13,0
2020,4,15,"宮崎",17,790,17,13,4,0
2020,4,15,"鹿児島",4,699,4,4,0,0
2020,4,15,"沖縄",86,931,86,83,3,0
2020,4,16,"北海道",336,3625,336,159,163,14
2020,4,16,"青森",22,447,22,17,5,0
2020,4,16,"岩手",0,205,0,0,0,0
2020,4,16,"宮城",75,1109,75,67,8,0
2020,4,16,"秋田",16,688,16,11,5,0
2020,4,16,"山形",50,1276,50,50,0,0
2020,4,16,"福島",49,924,49,46,3,0
2020,4,16,"茨城",123,2883,123,108,10,5
2020,4,16,"栃木",42,1233,42,34,8,0
2020,4,16,"群馬",109,1924,109,100,5,4
2020,4,16,"埼玉",535,3836,535,494,32,9
2020,4,16,"千葉",539,3006,539,482,51,6
2020,4,16,"東京",2595,7726,2595,2487,52,56
2020,4,16,"神奈川",673,3682,673,602,55,16
2020,4,16,"新潟",47,1910,47,18,29,0
2020,4,16,"富山",65,1177,65,63,2,0
2020,4,16,"石川",146,903,146,137,5,4
2020,4,16,"福井",103,918,103,93,8,2
2020,4,16,"山梨",43,1367,43,34,9,0
2020,4,16,"長野",45,1219,45,41,4,0
2020,4,16,"岐阜",132,1727,132,115,16,1
2020,4,16,"静岡",48,1867,48,43,5,0
2020,4,16,"愛知",364,5008,364,274,66,24
2020,4,16,"三重",26,1092,26,14,11,1
2020,4,16,"滋賀",57,715,57,48,8,1
2020,4,16,"京都",225,2464,225,183,39,3
2020,4,16,"大阪",1021,3903,1021,838,175,8
2020,4,16,"兵庫",453,4851,453,373,63,17
2020,4,16,"奈良",54,733,54,44,9,1
2020,4,16,"和歌山",38,2239,38,18,19,1
2020,4,16,"鳥取",1,477,1,1,0,0
2020,4,16,"島根",14,558,14,14,0,0
2020,4,16,"岡山",18,748,18,17,1,0
2020,4,16,"広島",118,2733,118,115,3,0
2020,4,16,"山口",29,885,29,24,5,0
2020,4,16,"徳島",3,277,3,0,3,0
2020,4,16,"香川",21,833,21,20,1,0
2020,4,16,"愛媛",41,708,41,35,4,2
2020,4,16,"高知",62,1039,62,43,18,1
2020,4,16,"福岡",459,6110,459,401,52,6
2020,4,16,"佐賀",15,489,15,14,1,0
2020,4,16,"長崎",16,1258,16,14,2,0
2020,4,16,"熊本",31,2131,31,25,5,1
2020,4,16,"大分",50,2325,50,32,17,1
2020,4,16,"宮崎",17,802,17,13,4,0
2020,4,16,"鹿児島",4,657,4,3,1,0
2020,4,16,"沖縄",86,1025,86,79,6,1
2020,4,17,"北海道",370,3735,370,185,171,14
2020,4,17,"青森",22,468,22,17,5,0
2020,4,17,"岩手",0,212,0,0,0,0
2020,4,17,"宮城",79,1203,79,71,8,0
2020,4,17,"秋田",16,706,16,11,5,0
2020,4,17,"山形",58,1415,58,58,0,0
2020,4,17,"福島",52,924,52,49,3,0
2020,4,17,"茨城",131,3159,131,115,11,5
2020,4,17,"栃木",44,1328,44,36,8,0
2020,4,17,"群馬",114,1959,114,105,5,4
2020,4,17,"埼玉",575,3836,575,534,32,9
2020,4,17,"千葉",609,3286,609,549,54,6
2020,4,17,"東京",2794,8040,2794,2679,52,63
2020,4,17,"神奈川",710,3888,710,639,54,17
2020,4,17,"新潟",53,2024,53,24,29,0
2020,4,17,"富山",69,1274,69,67,2,0
2020,4,17,"石川",160,977,160,151,5,4
2020,4,17,"福井",104,955,104,94,8,2
2020,4,17,"山梨",46,1435,46,37,9,0
2020,4,17,"長野",47,1271,47,43,4,0
2020,4,17,"岐阜",136,1892,136,118,16,2
2020,4,17,"静岡",51,2011,51,46,5,0
2020,4,17,"愛知",374,5008,374,284,66,24
2020,4,17,"三重",32,1144,32,20,11,1
2020,4,17,"滋賀",68,760,68,57,10,1
2020,4,17,"京都",235,2565,235,179,53,3
2020,4,17,"大阪",1076,4373,1076,885,182,9
2020,4,17,"兵庫",480,5060,480,400,63,17
2020,4,17,"奈良",56,777,56,43,12,1
2020,4,17,"和歌山",39,2263,39,19,19,1
2020,4,17,"鳥取",1,543,1,1,0,0
2020,4,17,"島根",15,606,15,15,0,0
2020,4,17,"岡山",18,775,18,17,1,0
2020,4,17,"広島",124,2733,124,116,8,0
2020,4,17,"山口",30,977,30,25,5,0
2020,4,17,"徳島",3,298,3,0,3,0
2020,4,17,"香川",24,967,24,23,1,0
2020,4,17,"愛媛",41,708,41,35,4,2
2020,4,17,"高知",63,1039,63,44,18,1
2020,4,17,"福岡",476,6414,476,401,66,9
2020,4,17,"佐賀",16,513,16,15,1,0
2020,4,17,"長崎",17,1325,17,15,2,0
2020,4,17,"熊本",35,2204,35,28,6,1
2020,4,17,"大分",54,2399,54,36,17,1
2020,4,17,"宮崎",17,841,17,13,4,0
2020,4,17,"鹿児島",6,732,6,5,1,0
2020,4,17,"沖縄",101,1030,101,94,6,1
2020,4,18,"北海道",407,3768,407,220,171,16
2020,4,18,"青森",22,483,22,16,6,0
2020,4,18,"岩手",0,212,0,0,0,0
2020,4,18,"宮城",83,1203,83,75,8,0
2020,4,18,"秋田",16,706,16,11,5,0
2020,4,18,"山形",60,1415,60,50,10,0
2020,4,18,"福島",60,924,60,57,3,0
2020,4,18,"茨城",135,3159,135,116,14,5
2020,4,18,"栃木",44,1330,44,36,8,0
2020,4,18,"群馬",120,1970,120,111,5,4
2020,4,18,"埼玉",610,3836,610,569,32,9
2020,4,18,"千葉",643,3308,643,569,67,7
2020,4,18,"東京",2975,8377,2975,2855,52,68
2020,4,18,"神奈川",754,3911,754,670,68,16
2020,4,18,"新潟",56,2024,56,27,29,0
2020,4,18,"富山",79,1274,79,77,2,0
2020,4,18,"石川",173,977,173,164,5,4
2020,4,18,"福井",106,955,106,94,8,4
2020,4,18,"山梨",48,1435,48,39,9,0
2020,4,18,"長野",47,1273,47,43,4,0
2020,4,18,"岐阜",137,1892,137,119,16,2
2020,4,18,"静岡",50,2011,50,42,8,0
2020,4,18,"愛知",391,5008,391,301,66,24
2020,4,18,"三重",35,1144,35,23,11,1
2020,4,18,"滋賀",70,760,70,59,10,1
2020,4,18,"京都",242,2565,242,186,53,3
2020,4,18,"大阪",1164,4383,1164,934,220,10
2020,4,18,"兵庫",502,5070,502,420,65,17
2020,4,18,"奈良",60,777,60,47,12,1
2020,4,18,"和歌山",40,2274,40,20,19,1
2020,4,18,"鳥取",3,543,3,3,0,0
2020,4,18,"島根",15,649,15,15,0,0
2020,4,18,"岡山",18,775,18,15,3,0
2020,4,18,"広島",129,2764,129,118,11,0
2020,4,18,"山口",30,1027,30,25,5,0
2020,4,18,"徳島",3,298,3,0,3,0
2020,4,18,"香川",24,967,24,23,1,0
2020,4,18,"愛媛",44,708,44,36,5,3
2020,4,18,"高知",64,1084,64,45,18,1
2020,4,18,"福岡",500,6442,500,424,66,10
2020,4,18,"佐賀",16,583,16,15,1,0
2020,4,18,"長崎",17,1325,17,15,2,0
2020,4,18,"熊本",35,2208,35,28,6,1
2020,4,18,"大分",54,2426,54,36,17,1
2020,4,18,"宮崎",17,841,17,13,4,0
2020,4,18,"鹿児島",7,734,7,6,1,0
2020,4,18,"沖縄",101,1030,101,94,6,1
2020,4,19,"北海道",434,3987,434,245,171,18
2020,4,19,"青森",22,494,22,16,6,0
2020,4,19,"岩手",0,234,0,0,0,0
2020,4,19,"宮城",83,1203,83,75,8,0
2020,4,19,"秋田",16,706,16,11,5,0
2020,4,19,"山形",61,1415,61,51,10,0
2020,4,19,"福島",62,1075,62,59,3,0
2020,4,19,"茨城",139,3159,139,118,16,5
2020,4,19,"栃木",46,1330,46,38,8,0
2020,4,19,"群馬",122,1973,122,103,14,5
2020,4,19,"埼玉",642,4618,642,601,32,9
2020,4,19,"千葉",661,3411,661,582,71,8
2020,4,19,"東京",3082,8681,3082,2714,297,71
2020,4,19,"神奈川",784,3912,784,694,73,17
2020,4,19,"新潟",56,2024,56,27,29,0
2020,4,19,"富山",92,1274,92,87,4,1
2020,4,19,"石川",178,977,178,169,5,4
2020,4,19,"福井",112,955,112,85,23,4
2020,4,19,"山梨",49,1435,49,40,9,0
2020,4,19,"長野",52,1273,52,48,4,0
2020,4,19,"岐阜",139,1892,139,120,16,3
2020,4,19,"静岡",52,2040,52,44,8,0
2020,4,19,"愛知",401,5175,401,310,66,25
2020,4,19,"三重",36,1144,36,24,11,1
2020,4,19,"滋賀",71,760,71,60,10,1
2020,4,19,"京都",251,2565,251,178,70,3
2020,4,19,"大阪",1212,4535,1212,967,233,12
2020,4,19,"兵庫",513,5280,513,431,65,17
2020,4,19,"奈良",62,777,62,47,14,1
2020,4,19,"和歌山",46,2312,46,25,20,1
2020,4,19,"鳥取",3,543,3,3,0,0
2020,4,19,"島根",16,680,16,16,0,0
2020,4,19,"岡山",19,887,19,16,3,0
2020,4,19,"広島",132,3010,132,121,11,0
2020,4,19,"山口",30,1049,30,19,11,0
2020,4,19,"徳島",3,336,3,0,3,0
2020,4,19,"香川",25,967,25,24,1,0
2020,4,19,"愛媛",45,708,45,34,8,3
2020,4,19,"高知",68,1131,68,49,18,1
2020,4,19,"福岡",516,6447,516,440,66,10
2020,4,19,"佐賀",17,594,17,16,1,0
2020,4,19,"長崎",17,1325,17,15,2,0
2020,4,19,"熊本",39,2274,39,32,6,1
2020,4,19,"大分",54,2426,54,35,18,1
2020,4,19,"宮崎",17,841,17,13,4,0
2020,4,19,"鹿児島",8,734,8,7,1,0
2020,4,19,"沖縄",110,1213,110,103,6,1
2020,4,20,"北海道",451,4245,451,262,171,18
2020,4,20,"青森",22,474,22,13,9,0
2020,4,20,"岩手",0,236,0,0,0,0
2020,4,20,"宮城",84,1369,84,76,8,0
2020,4,20,"秋田",16,736,16,11,5,0
2020,4,20,"山形",64,1597,64,49,15,0
2020,4,20,"福島",64,1131,64,50,14,0
2020,4,20,"茨城",143,3343,143,121,16,6
2020,4,20,"栃木",49,1481,49,41,8,0
2020,4,20,"群馬",124,2103,124,105,14,5
2020,4,20,"埼玉",662,4732,662,621,32,9
2020,4,20,"千葉",683,3803,683,598,77,8
2020,4,20,"東京",3184,8957,3184,2507,600,77
2020,4,20,"神奈川",802,3912,802,695,88,19
2020,4,20,"新潟",56,2107,56,27,29,0
2020,4,20,"富山",114,1454,114,104,8,2
2020,4,20,"石川",180,1115,180,162,14,4
2020,4,20,"福井",113,1054,113,83,26,4
2020,4,20,"山梨",49,1653,49,40,9,0
2020,4,20,"長野",52,1401,52,46,6,0
2020,4,20,"岐阜",139,2119,139,112,24,3
2020,4,20,"静岡",52,2089,52,44,8,0
2020,4,20,"愛知",406,5535,406,313,66,27
2020,4,20,"三重",39,1397,39,27,11,1
2020,4,20,"滋賀",72,776,72,58,13,1
2020,4,20,"京都",259,2811,259,177,77,5
2020,4,20,"大阪",1297,4938,1297,1051,233,13
2020,4,20,"兵庫",524,5610,524,442,65,17
2020,4,20,"奈良",64,919,64,49,14,1
2020,4,20,"和歌山",46,2339,46,25,20,1
2020,4,20,"鳥取",3,711,3,3,0,0
2020,4,20,"島根",16,681,16,16,0,0
2020,4,20,"岡山",19,930,19,15,4,0
2020,4,20,"広島",137,3010,137,125,12,0
2020,4,20,"山口",30,1119,30,15,15,0
2020,4,20,"徳島",3,336,3,0,3,0
2020,4,20,"香川",26,967,26,25,1,0
2020,4,20,"愛媛",46,844,46,34,9,3
2020,4,20,"高知",69,1167,69,45,22,2
2020,4,20,"福岡",524,7263,524,424,87,13
2020,4,20,"佐賀",17,587,17,16,1,0
2020,4,20,"長崎",18,1461,17,13,4,0
2020,4,20,"熊本",40,2350,40,32,7,1
2020,4,20,"大分",55,2657,55,35,19,1
2020,4,20,"宮崎",17,925,17,13,4,0
2020,4,20,"鹿児島",10,841,10,9,1,0
2020,4,20,"沖縄",121,1292,121,107,11,3
2020,4,21,"北海道",473,4554,451,262,171,18
2020,4,21,"青森",22,487,22,13,9,0
2020,4,21,"岩手",0,242,0,0,0,0
2020,4,21,"宮城",84,1387,84,76,8,0
2020,4,21,"秋田",16,753,16,11,5,0
2020,4,21,"山形",64,1657,64,49,15,0
2020,4,21,"福島",64,1230,64,50,14,0
2020,4,21,"茨城",146,3571,143,121,16,6
2020,4,21,"栃木",51,1537,49,41,8,0
2020,4,21,"群馬",131,2163,124,105,14,5
2020,4,21,"埼玉",681,5119,662,621,32,9
2020,4,21,"千葉",704,4061,683,598,77,8
2020,4,21,"東京",3307,9124,3307,2630,600,77
2020,4,21,"神奈川",816,4745,802,695,88,19
2020,4,21,"新潟",58,2217,56,27,29,0
2020,4,21,"富山",115,1515,114,104,8,2
2020,4,21,"石川",190,1181,180,162,14,4
2020,4,21,"福井",118,1099,113,83,26,4
2020,4,21,"山梨",50,1703,49,40,9,0
2020,4,21,"長野",54,1417,52,46,6,0
2020,4,21,"岐阜",140,2143,139,112,24,3
2020,4,21,"静岡",53,2221,52,44,8,0
2020,4,21,"愛知",422,5535,406,313,66,27
2020,4,21,"三重",41,1436,39,27,11,1
2020,4,21,"滋賀",76,937,72,58,13,1
2020,4,21,"京都",264,2883,259,177,77,5
2020,4,21,"大阪",1351,5368,1297,1051,233,13
2020,4,21,"兵庫",546,5714,524,442,65,17
2020,4,21,"奈良",73,1020,64,49,14,1
2020,4,21,"和歌山",47,2381,46,25,20,1
2020,4,21,"鳥取",3,794,3,3,0,0
2020,4,21,"島根",16,697,16,16,0,0
2020,4,21,"岡山",19,992,19,15,4,0
2020,4,21,"広島",138,3583,137,125,12,0
2020,4,21,"山口",31,1130,30,15,15,0
2020,4,21,"徳島",5,341,3,0,3,0
2020,4,21,"香川",26,1273,26,25,1,0
2020,4,21,"愛媛",47,893,46,34,9,3
2020,4,21,"高知",69,1181,69,45,22,2
2020,4,21,"福岡",539,7311,524,424,87,13
2020,4,21,"佐賀",17,602,17,16,1,0
2020,4,21,"長崎",17,1551,17,13,4,0
2020,4,21,"熊本",41,2465,40,32,7,1
2020,4,21,"大分",60,2691,55,35,19,1
2020,4,21,"宮崎",17,943,17,13,4,0
2020,4,21,"鹿児島",10,852,10,9,1,0
2020,4,21,"沖縄",125,1420,121,107,11,3
2020,4,22,"北海道",495,4803,495,285,188,22
2020,4,22,"青森",22,501,22,12,10,0
2020,4,22,"岩手",0,256,0,0,0,0
2020,4,22,"宮城",84,1438,84,70,14,0
2020,4,22,"秋田",16,767,16,11,5,0
2020,4,22,"山形",65,1759,65,48,17,0
2020,4,22,"福島",65,1238,65,50,15,0
2020,4,22,"茨城",151,3687,151,127,18,6
2020,4,22,"栃木",52,1560,52,44,8,0
2020,4,22,"群馬",131,2290,131,108,14,9
2020,4,22,"埼玉",714,5432,714,670,34,10
2020,4,22,"千葉",725,4284,725,634,80,11
2020,4,22,"東京",3439,9357,3439,2461,897,81
2020,4,22,"神奈川",841,4628,841,707,111,23
2020,4,22,"新潟",61,2283,61,28,33,0
2020,4,22,"富山",115,1633,115,105,8,2
2020,4,22,"石川",199,1244,199,177,17,5
2020,4,22,"福井",119,1233,119,89,26,4
2020,4,22,"山梨",51,1813,51,28,23,0
2020,4,22,"長野",56,1468,56,50,6,0
2020,4,22,"岐阜",143,2197,143,114,24,5
2020,4,22,"静岡",57,2292,57,44,13,0
2020,4,22,"愛知",441,6033,441,345,67,29
2020,4,22,"三重",43,1494,43,31,11,1
2020,4,22,"滋賀",88,971,88,74,13,1
2020,4,22,"京都",275,2906,275,180,88,7
2020,4,22,"大阪",1382,5798,1382,1110,255,17
2020,4,22,"兵庫",563,5972,563,481,65,17
2020,4,22,"奈良",75,1071,75,60,14,1
2020,4,22,"和歌山",49,2422,49,26,22,1
2020,4,22,"鳥取",3,823,3,3,0,0
2020,4,22,"島根",16,719,16,16,0,0
2020,4,22,"岡山",19,908,19,15,4,0
2020,4,22,"広島",139,3783,139,126,13,0
2020,4,22,"山口",31,1144,31,16,15,0
2020,4,22,"徳島",5,353,5,2,3,0
2020,4,22,"香川",26,1350,26,24,2,0
2020,4,22,"愛媛",47,938,47,28,16,3
2020,4,22,"高知",70,1230,70,40,28,2
2020,4,22,"福岡",560,7467,560,459,88,13
2020,4,22,"佐賀",18,636,18,16,2,0
2020,4,22,"長崎",16,1612,16,11,5,0
2020,4,22,"熊本",41,2518,41,33,7,1
2020,4,22,"大分",60,2752,60,40,19,1
2020,4,22,"宮崎",17,965,17,13,4,0
2020,4,22,"鹿児島",10,895,10,8,2,0
2020,4,22,"沖縄",130,1583,130,116,11,3
2020,4,23,"北海道",540,5112,540,320,195,25
2020,4,23,"青森",22,506,22,8,14,0
2020,4,23,"岩手",0,271,0,0,0,0
2020,4,23,"宮城",84,1491,84,61,23,0
2020,4,23,"秋田",16,776,16,9,7,0
2020,4,23,"山形",65,1851,65,48,17,0
2020,4,23,"福島",65,1316,65,48,17,0
2020,4,23,"茨城",153,3887,153,126,21,6
2020,4,23,"栃木",53,1617,53,45,8,0
2020,4,23,"群馬",138,2380,138,115,14,9
2020,4,23,"埼玉",753,5630,753,705,34,14
2020,4,23,"千葉",749,4646,749,651,82,16
2020,4,23,"東京",3572,9827,3572,2548,937,87
2020,4,23,"神奈川",880,4828,880,742,114,24
2020,4,23,"新潟",62,2354,62,29,33,0
2020,4,23,"富山",150,1781,150,139,8,3
2020,4,23,"石川",216,1338,216,194,17,5
2020,4,23,"福井",119,1278,119,88,26,5
2020,4,23,"山梨",51,1862,51,29,22,0
2020,4,23,"長野",59,1514,59,51,8,0
2020,4,23,"岐阜",146,2234,146,117,24,5
2020,4,23,"静岡",58,2306,58,45,13,0
2020,4,23,"愛知",453,6033,453,357,67,29
2020,4,23,"三重",43,1578,43,31,11,1
2020,4,23,"滋賀",92,1067,92,78,13,1
2020,4,23,"京都",282,3397,282,182,93,7
2020,4,23,"大阪",1417,6346,1417,1143,255,19
2020,4,23,"兵庫",581,6213,581,497,67,17
2020,4,23,"奈良",76,1140,76,61,14,1
2020,4,23,"和歌山",50,2454,50,26,23,1
2020,4,23,"鳥取",3,880,3,3,0,0
2020,4,23,"島根",16,733,16,14,2,0
2020,4,23,"岡山",19,1015,19,14,5,0
2020,4,23,"広島",142,3900,142,127,14,1
2020,4,23,"山口",31,1156,31,16,15,0
2020,4,23,"徳島",5,368,5,2,3,0
2020,4,23,"香川",28,1393,28,24,4,0
2020,4,23,"愛媛",47,961,47,28,16,3
2020,4,23,"高知",71,1260,71,41,28,2
2020,4,23,"福岡",572,7690,572,467,92,13
2020,4,23,"佐賀",21,682,21,19,2,0
2020,4,23,"長崎",16,1676,16,10,5,1
2020,4,23,"熊本",43,2577,43,34,8,1
2020,4,23,"大分",60,2910,60,33,26,1
2020,4,23,"宮崎",17,993,17,10,7,0
2020,4,23,"鹿児島",10,1017,10,8,2,0
2020,4,23,"沖縄",132,1589,132,118,11,3
2020,4,24,"北海道",562,5362,562,341,196,25
2020,4,24,"青森",22,517,22,8,14,0
2020,4,24,"岩手",0,280,0,0,0,0
2020,4,24,"宮城",84,1568,84,55,29,0
2020,4,24,"秋田",16,786,16,9,7,0
2020,4,24,"山形",66,1947,66,49,17,0
2020,4,24,"福島",66,1420,66,47,19,0
2020,4,24,"茨城",157,4031,157,127,24,6
2020,4,24,"栃木",53,1673,53,40,13,0
2020,4,24,"群馬",140,2434,140,117,14,9
2020,4,24,"埼玉",767,5889,767,718,34,15
2020,4,24,"千葉",768,4879,768,655,95,18
2020,4,24,"東京",3733,10116,3733,2688,952,93
2020,4,24,"神奈川",912,5075,912,765,123,24
2020,4,24,"新潟",65,2491,65,32,33,0
2020,4,24,"富山",163,1885,163,151,9,3
2020,4,24,"石川",222,1424,222,201,16,5
2020,4,24,"福井",120,1313,120,81,34,5
2020,4,24,"山梨",51,1922,51,29,22,0
2020,4,24,"長野",67,1548,67,59,8,0
2020,4,24,"岐阜",146,2272,146,115,24,7
2020,4,24,"静岡",59,2366,59,46,13,0
2020,4,24,"愛知",474,6272,474,378,66,30
2020,4,24,"三重",45,1653,45,33,11,1
2020,4,24,"滋賀",93,1141,93,79,13,1
2020,4,24,"京都",286,3614,286,186,93,7
2020,4,24,"大阪",1448,6895,1448,1177,246,25
2020,4,24,"兵庫",605,6463,605,520,68,17
2020,4,24,"奈良",76,1173,76,61,14,1
2020,4,24,"和歌山",52,2526,52,28,23,1
2020,4,24,"鳥取",3,929,3,3,0,0
2020,4,24,"島根",16,750,16,14,2,0
2020,4,24,"岡山",20,1041,20,15,5,0
2020,4,24,"広島",142,4239,142,127,14,1
2020,4,24,"山口",31,1217,31,15,16,0
2020,4,24,"徳島",5,386,5,2,3,0
2020,4,24,"香川",28,1427,28,24,4,0
2020,4,24,"愛媛",47,1002,47,24,20,3
2020,4,24,"高知",71,1294,71,41,28,2
2020,4,24,"福岡",584,7963,584,433,136,15
2020,4,24,"佐賀",32,711,32,26,6,0
2020,4,24,"長崎",16,1728,16,9,6,1
2020,4,24,"熊本",43,2623,43,33,9,1
2020,4,24,"大分",60,2910,60,33,26,1
2020,4,24,"宮崎",17,1010,17,10,7,0
2020,4,24,"鹿児島",10,1109,10,7,3,0
2020,4,24,"沖縄",133,1715,133,118,11,4
2020,4,25,"北海道",601,5362,601,375,201,25
2020,4,25,"青森",22,526,22,8,14,0
2020,4,25,"岩手",0,288,0,0,0,0
2020,4,25,"宮城",85,1568,85,54,31,0
2020,4,25,"秋田",16,786,16,9,7,0
2020,4,25,"山形",66,1947,66,34,32,0
2020,4,25,"福島",68,1491,68,49,19,0
2020,4,25,"茨城",158,4031,158,128,24,6
2020,4,25,"栃木",52,1673,52,39,13,0
2020,4,25,"群馬",140,2440,140,117,14,9
2020,4,25,"埼玉",786,6110,786,737,34,15
2020,4,25,"千葉",778,5028,778,662,97,19
2020,4,25,"東京",3836,10388,3836,2776,970,100
2020,4,25,"神奈川",943,5075,943,798,120,25
2020,4,25,"新潟",65,2491,65,32,33,0
2020,4,25,"富山",175,1885,175,163,9,3
2020,4,25,"石川",224,1424,224,203,16,5
2020,4,25,"福井",120,1313,120,82,33,5
2020,4,25,"山梨",51,1922,51,29,22,0
2020,4,25,"長野",66,1552,66,58,8,0
2020,4,25,"岐阜",146,2272,146,103,36,7
2020,4,25,"静岡",62,2366,62,49,13,0
2020,4,25,"愛知",475,6488,475,379,66,30
2020,4,25,"三重",45,1653,45,28,16,1
2020,4,25,"滋賀",94,1141,94,71,22,1
2020,4,25,"京都",290,3614,290,146,137,7
2020,4,25,"大阪",1477,6900,1477,1204,246,27
2020,4,25,"兵庫",619,6641,619,530,72,17
2020,4,25,"奈良",76,1173,76,61,14,1
2020,4,25,"和歌山",57,2528,57,32,24,1
2020,4,25,"鳥取",3,943,3,2,1,0
2020,4,25,"島根",16,750,16,14,2,0
2020,4,25,"岡山",21,1041,21,16,5,0
2020,4,25,"広島",143,4245,143,128,14,1
2020,4,25,"山口",31,1233,31,13,18,0
2020,4,25,"徳島",5,386,5,2,3,0
2020,4,25,"香川",28,1427,28,23,5,0
2020,4,25,"愛媛",47,1002,47,24,20,3
2020,4,25,"高知",72,1302,72,42,28,2
2020,4,25,"福岡",595,7983,595,442,138,15
2020,4,25,"佐賀",36,711,36,30,6,0
2020,4,25,"長崎",16,1728,16,9,6,1
2020,4,25,"熊本",43,2623,43,33,9,1
2020,4,25,"大分",60,2910,60,33,26,1
2020,4,25,"宮崎",17,1010,17,10,7,0
2020,4,25,"鹿児島",10,1109,10,7,3,0
2020,4,25,"沖縄",133,1715,133,118,11,4
2020,4,26,"北海道",615,5362,615,388,202,25
2020,4,26,"青森",22,540,22,8,14,0
2020,4,26,"岩手",0,300,0,0,0,0
2020,4,26,"宮城",85,1568,85,54,31,0
2020,4,26,"秋田",16,786,16,9,7,0
2020,4,26,"山形",66,1947,66,34,32,0
2020,4,26,"福島",69,1585,69,50,19,0
2020,4,26,"茨城",161,4031,161,131,24,6
2020,4,26,"栃木",52,1673,52,39,13,0
2020,4,26,"群馬",141,2448,141,117,15,9
2020,4,26,"埼玉",806,6256,806,754,36,16
2020,4,26,"千葉",786,5163,786,670,97,19
2020,4,26,"東京",3908,10702,3908,2814,994,100
2020,4,26,"神奈川",959,5075,959,813,120,26
2020,4,26,"新潟",69,2491,69,37,32,0
2020,4,26,"富山",177,1885,177,165,9,3
2020,4,26,"石川",229,1424,229,208,16,5
2020,4,26,"福井",121,1313,121,83,33,5
2020,4,26,"山梨",51,1922,51,29,22,0
2020,4,26,"長野",66,1553,66,49,17,0
2020,4,26,"岐阜",146,2272,146,82,57,7
2020,4,26,"静岡",63,2366,63,50,13,0
2020,4,26,"愛知",476,6488,476,380,66,30
2020,4,26,"三重",45,1653,45,28,16,1
2020,4,26,"滋賀",94,1141,94,71,22,1
2020,4,26,"京都",294,3614,294,145,142,7
2020,4,26,"大阪",1493,6937,1493,1214,252,27
2020,4,26,"兵庫",627,6831,627,533,77,17
2020,4,26,"奈良",76,1173,76,61,14,1
2020,4,26,"和歌山",58,2563,58,30,27,1
2020,4,26,"鳥取",3,971,3,2,1,0
2020,4,26,"島根",22,757,22,20,2,0
2020,4,26,"岡山",22,1041,22,17,5,0
2020,4,26,"広島",145,4245,145,129,15,1
2020,4,26,"山口",31,1251,31,13,18,0
2020,4,26,"徳島",5,386,5,2,3,0
2020,4,26,"香川",28,1427,28,23,5,0
2020,4,26,"愛媛",47,1002,47,20,24,3
2020,4,26,"高知",73,1344,73,43,28,2
2020,4,26,"福岡",606,8000,606,443,148,15
2020,4,26,"佐賀",36,750,36,30,6,0
2020,4,26,"長崎",16,1728,16,9,6,1
2020,4,26,"熊本",45,2623,45,33,11,1
2020,4,26,"大分",60,2910,60,33,26,1
2020,4,26,"宮崎",17,1010,17,9,8,0
2020,4,26,"鹿児島",10,1109,10,7,3,0
2020,4,26,"沖縄",133,1715,133,118,11,4
2020,4,27,"北海道",650,6149,650,422,202,26
2020,4,27,"青森",23,580,23,9,14,0
2020,4,27,"岩手",0,302,0,0,0,0
2020,4,27,"宮城",86,1714,86,54,32,0
2020,4,27,"秋田",16,818,16,9,7,0
2020,4,27,"山形",66,2052,66,28,38,0
2020,4,27,"福島",69,1634,69,50,19,0
2020,4,27,"茨城",161,4273,161,124,31,6
2020,4,27,"栃木",54,1826,54,41,13,0
2020,4,27,"群馬",146,2589,146,122,15,9
2020,4,27,"埼玉",823,6368,823,765,42,16
2020,4,27,"千葉",793,5512,793,672,98,23
2020,4,27,"東京",3961,10981,3947,2668,1173,106
2020,4,27,"神奈川",965,5439,965,816,122,27
2020,4,27,"新潟",69,2578,69,37,32,0
2020,4,27,"富山",181,2102,181,169,9,3
2020,4,27,"石川",236,1703,236,215,16,5
2020,4,27,"福井",121,1462,121,52,63,6
2020,4,27,"山梨",51,2072,51,29,22,0
2020,4,27,"長野",66,1680,66,49,17,0
2020,4,27,"岐阜",146,2763,146,82,57,7
2020,4,27,"静岡",64,2547,64,51,13,0
2020,4,27,"愛知",477,6890,477,381,66,30
2020,4,27,"三重",45,1799,45,28,16,1
2020,4,27,"滋賀",94,1209,94,71,22,1
2020,4,27,"京都",309,3894,309,161,140,8
2020,4,27,"大阪",1523,7380,1523,1231,260,32
2020,4,27,"兵庫",629,6922,629,527,85,17
2020,4,27,"奈良",78,1329,78,63,14,1
2020,4,27,"和歌山",59,2837,59,31,27,1
2020,4,27,"鳥取",3,982,3,2,1,0
2020,4,27,"島根",22,790,22,20,2,0
2020,4,27,"岡山",22,1129,22,17,5,0
2020,4,27,"広島",145,4556,145,128,16,1
2020,4,27,"山口",32,1225,32,14,18,0
2020,4,27,"徳島",5,423,5,2,3,0
2020,4,27,"香川",28,1512,28,23,5,0
2020,4,27,"愛媛",47,1024,47,20,24,3
2020,4,27,"高知",73,1362,73,43,28,2
2020,4,27,"福岡",615,8611,615,438,161,16
2020,4,27,"佐賀",36,912,36,30,6,0
2020,4,27,"長崎",16,1851,16,7,8,1
2020,4,27,"熊本",45,2912,45,32,12,1
2020,4,27,"大分",60,3039,60,32,27,1
2020,4,27,"宮崎",17,1053,17,8,9,0
2020,4,27,"鹿児島",10,1176,10,6,4,0
2020,4,27,"沖縄",137,1896,137,110,23,4
2020,4,28,"北海道",688,6312,688,460,202,26
2020,4,28,"青森",26,598,26,12,14,0
2020,4,28,"岩手",0,314,0,0,0,0
2020,4,28,"宮城",87,1744,87,55,32,0
2020,4,28,"秋田",16,827,16,9,7,0
2020,4,28,"山形",66,2103,66,28,38,0
2020,4,28,"福島",70,1664,70,51,19,0
2020,4,28,"茨城",162,4473,162,125,31,6
2020,4,28,"栃木",54,1857,54,41,13,0
2020,4,28,"群馬",146,2596,146,120,15,11
2020,4,28,"埼玉",828,7007,828,771,42,15
2020,4,28,"千葉",801,5636,801,677,101,23
2020,4,28,"東京都",4059,11065,0,0,0,0
2020,4,28,"神奈川",975,5536,975,796,150,29
2020,4,28,"新潟",75,2775,75,43,32,0
2020,4,28,"富山",190,2137,190,178,9,3
2020,4,28,"石川",245,1796,245,218,22,5
2020,4,28,"福井",122,1588,122,53,63,6
2020,4,28,"山梨",52,2117,52,29,23,0
2020,4,28,"長野",66,1703,66,49,17,0
2020,4,28,"岐阜",146,2362,146,74,65,7
2020,4,28,"静岡",67,2635,67,43,24,0
2020,4,28,"愛知",482,7027,482,385,66,31
2020,4,28,"三重",45,1835,45,28,16,1
2020,4,28,"滋賀",94,1246,94,71,22,1
2020,4,28,"京都",313,3950,313,165,140,8
2020,4,28,"大阪",1555,7799,1555,1245,274,36
2020,4,28,"兵庫",636,7063,636,539,80,17
2020,4,28,"奈良",80,1397,80,65,14,1
2020,4,28,"和歌山",60,2904,60,31,27,2
2020,4,28,"鳥取",3,1003,3,2,1,0
2020,4,28,"島根",23,797,23,21,2,0
2020,4,28,"岡山",22,1141,22,17,5,0
2020,4,28,"広島",149,4610,149,128,20,1
2020,4,28,"山口",32,1239,32,9,23,0
2020,4,28,"徳島",5,440,5,2,3,0
2020,4,28,"香川",28,1537,28,22,6,0
2020,4,28,"愛媛",47,1043,47,20,24,3
2020,4,28,"高知",73,1368,73,42,28,3
2020,4,28,"福岡",619,8721,619,433,170,16
2020,4,28,"佐賀",37,930,37,31,6,0
2020,4,28,"長崎",16,1911,16,6,9,1
2020,4,28,"熊本",45,3002,45,32,12,1
2020,4,28,"大分",60,3065,60,32,27,1
2020,4,28,"宮崎",17,1068,17,7,10,0
2020,4,28,"鹿児島",10,1199,10,6,4,0
2020,4,28,"沖縄",141,1918,141,113,24,4
2020,4,29,"北海道",726,6312,726,491,209,26
2020,4,29,"青森",26,613,26,12,14,0
2020,4,29,"岩手",0,314,0,0,0,0
2020,4,29,"宮城",88,1744,88,56,32,0
2020,4,29,"秋田",16,827,16,9,7,0
2020,4,29,"山形",68,2103,68,30,38,0
2020,4,29,"福島",72,1664,72,53,19,0
2020,4,29,"茨城",162,4473,162,123,33,6
2020,4,29,"栃木",54,1857,54,41,13,0
2020,4,29,"群馬",146,2596,146,116,15,15
2020,4,29,"埼玉",843,7007,843,779,49,15
2020,4,29,"千葉",806,5753,806,681,102,23
2020,4,29,"東京",4106,11254,4106,2718,1271,117
2020,4,29,"神奈川",1002,5536,1002,821,150,31
2020,4,29,"新潟",75,2775,75,43,32,0
2020,4,29,"富山",190,2137,190,178,9,3
2020,4,29,"石川",250,1796,250,222,22,6
2020,4,29,"福井",122,1588,122,51,64,7
2020,4,29,"山梨",52,2117,52,28,24,0
2020,4,29,"長野",66,1703,66,49,17,0
2020,4,29,"岐阜",146,2362,146,74,65,7
2020,4,29,"静岡",68,2635,68,44,24,0
2020,4,29,"愛知",486,7036,486,388,67,31
2020,4,29,"三重",45,1835,45,25,19,1
2020,4,29,"滋賀",96,1246,96,60,35,1
2020,4,29,"京都",316,3950,316,151,156,9
2020,4,29,"大阪",1599,8186,1599,1281,281,37
2020,4,29,"兵庫",642,7076,642,544,81,17
2020,4,29,"奈良",82,1397,82,67,14,1
2020,4,29,"和歌山",60,2906,60,30,28,2
2020,4,29,"鳥取",3,1003,3,2,1,0
2020,4,29,"島根",23,806,23,20,3,0
2020,4,29,"岡山",23,1141,23,18,5,0
2020,4,29,"広島",153,4610,153,132,20,1
2020,4,29,"山口",32,1265,32,8,24,0
2020,4,29,"徳島",5,440,5,2,3,0
2020,4,29,"香川",28,1537,28,21,7,0
2020,4,29,"愛媛",47,1043,47,20,24,3
2020,4,29,"高知",74,1398,74,43,28,3
2020,4,29,"福岡",639,8736,639,452,170,17
2020,4,29,"佐賀",38,950,38,32,6,0
2020,4,29,"長崎",17,1911,17,7,9,1
2020,4,29,"熊本",47,3002,47,34,12,1
2020,4,29,"大分",60,3065,60,31,28,1
2020,4,29,"宮崎",17,1068,17,7,10,0
2020,4,29,"鹿児島",10,1199,10,6,4,0
2020,4,29,"沖縄",141,1918,141,113,24,4
2020,4,30,"北海道",767,6892,767,531,209,27
2020,4,30,"青森",26,639,26,12,14,0
2020,4,30,"岩手",0,343,0,0,0,0
2020,4,30,"宮城",88,1885,88,56,32,0
2020,4,30,"秋田",16,850,16,9,7,0
2020,4,30,"山形",68,2159,68,30,38,0
2020,4,30,"福島",73,1812,73,54,19,0
2020,4,30,"茨城",163,4623,163,121,35,7
2020,4,30,"栃木",54,2010,54,38,16,0
2020,4,30,"群馬",146,1630,146,116,15,15
2020,4,30,"埼玉",851,7818,851,785,49,17
2020,4,30,"千葉",810,6141,810,683,103,24
2020,4,30,"東京",4152,11691,4152,2608,1424,120
2020,4,30,"神奈川",1028,5871,1028,828,168,32
2020,4,30,"新潟",75,2903,75,43,32,0
2020,4,30,"富山",202,2535,202,186,9,7
2020,4,30,"石川",251,1937,251,223,22,6
2020,4,30,"福井",122,1696,122,45,69,8
2020,4,30,"山梨",52,2292,52,28,24,0
2020,4,30,"長野",66,1798,66,49,17,0
2020,4,30,"岐阜",146,2400,146,74,65,7
2020,4,30,"静岡",72,2736,72,47,24,1
2020,4,30,"愛知",488,7327,488,381,75,32
2020,4,30,"三重",45,1903,45,25,19,1
2020,4,30,"滋賀",96,1289,96,60,35,1
2020,4,30,"京都",319,4177,319,151,159,9
2020,4,30,"大阪",1627,8965,1627,1035,551,41
2020,4,30,"兵庫",645,7481,645,547,81,17
2020,4,30,"奈良",82,1508,82,67,14,1
2020,4,30,"和歌山",62,3033,62,32,28,2
2020,4,30,"鳥取",3,1048,3,2,1,0
2020,4,30,"島根",23,820,23,16,7,0
2020,4,30,"岡山",23,1196,23,13,10,0
2020,4,30,"広島",155,4959,155,124,29,2
2020,4,30,"山口",32,1285,32,8,24,0
2020,4,30,"徳島",5,459,5,2,3,0
2020,4,30,"香川",28,1613,28,21,7,0
2020,4,30,"愛媛",47,1095,47,19,25,3
2020,4,30,"高知",74,1439,74,43,28,3
2020,4,30,"福岡",642,9254,642,455,170,17
2020,4,30,"佐賀",41,1027,41,34,7,0
2020,4,30,"長崎",17,2008,17,7,9,1
2020,4,30,"熊本",47,3148,47,33,13,1
2020,4,30,"大分",60,3157,60,29,30,1
2020,4,30,"宮崎",17,1105,17,6,11,0
2020,4,30,"鹿児島",10,1260,10,6,4,0
2020,4,30,"沖縄",142,2113,142,114,24,4
2020,5,1,"北海道",790,7054,790,513,248,29
2020,5,1,"青森",26,643,26,12,14,0
2020,5,1,"岩手",0,343,0,0,0,0
2020,5,1,"宮城",88,1910,88,38,50,0
2020,5,1,"秋田",16,852,16,3,13,0
2020,5,1,"山形",68,2246,68,20,48,0
2020,5,1,"福島",74,1844,74,55,19,0
2020,5,1,"茨城",165,4835,165,123,35,7
2020,5,1,"栃木",54,2015,54,38,16,0
2020,5,1,"群馬",146,1654,146,116,15,15
2020,5,1,"埼玉",857,8050,857,788,52,17
2020,5,1,"千葉",816,6374,816,686,105,25
2020,5,1,"東京都",4317,11691,0,0,0,0
2020,5,1,"神奈川",1042,6002,1042,838,172,32
2020,5,1,"新潟",77,3044,77,45,32,0
2020,5,1,"富山",201,2392,201,185,9,7
2020,5,1,"石川",254,1977,254,224,23,7
2020,5,1,"福井",122,1771,122,45,69,8
2020,5,1,"山梨",54,2358,54,25,29,0
2020,5,1,"長野",66,1818,66,49,17,0
2020,5,1,"岐阜",149,2404,149,73,70,6
2020,5,1,"静岡",73,2780,73,48,24,1
2020,5,1,"愛知",491,7403,491,384,75,32
2020,5,1,"三重",45,1938,45,25,19,1
2020,5,1,"滋賀",96,1314,96,60,35,1
2020,5,1,"京都",323,4343,323,154,159,10
2020,5,1,"大阪",1641,12492,1641,1042,555,44
2020,5,1,"兵庫",650,7621,650,549,83,18
2020,5,1,"奈良",85,1605,85,70,14,1
2020,5,1,"和歌山",62,3077,62,32,28,2
2020,5,1,"鳥取",3,1603,3,2,1,0
2020,5,1,"島根",23,830,23,16,7,0
2020,5,1,"岡山",23,1131,23,13,10,0
2020,5,1,"広島",156,5021,156,125,29,2
2020,5,1,"山口",34,1290,34,10,24,0
2020,5,1,"徳島",5,469,5,2,3,0
2020,5,1,"香川",28,1643,28,21,7,0
2020,5,1,"愛媛",47,1116,47,19,25,3
2020,5,1,"高知",74,1446,74,22,49,3
2020,5,1,"福岡",645,9400,645,458,170,17
2020,5,1,"佐賀",42,1077,42,35,7,0
2020,5,1,"長崎",17,2050,17,7,9,1
2020,5,1,"熊本",47,3178,47,33,13,1
2020,5,1,"大分",60,3175,60,28,31,1
2020,5,1,"宮崎",17,1122,17,6,11,0
2020,5,1,"鹿児島",10,1287,10,6,4,0
2020,5,1,"沖縄",142,2155,142,114,24,4
2020,5,2,"北海道",823,7054,823,546,248,29
2020,5,2,"青森",26,643,26,12,14,0
2020,5,2,"岩手",0,350,0,0,0,0
2020,5,2,"宮城",88,1910,88,27,61,0
2020,5,2,"秋田",16,852,16,3,13,0
2020,5,2,"山形",68,2246,68,18,50,0
2020,5,2,"福島",75,1844,75,56,19,0
2020,5,2,"茨城",165,4835,165,120,38,7
2020,5,2,"栃木",54,2015,54,38,16,0
2020,5,2,"群馬",146,1654,146,116,15,15
2020,5,2,"埼玉",878,8778,878,809,52,17
2020,5,2,"千葉",823,6374,823,693,105,25
2020,5,2,"東京",4477,11691,4477,2786,1550,141
2020,5,2,"神奈川",1060,6002,1060,850,177,33
2020,5,2,"新潟",77,3044,77,45,32,0
2020,5,2,"富山",209,2392,209,162,38,9
2020,5,2,"石川",260,1977,260,224,23,13
2020,5,2,"福井",122,1771,122,39,75,8
2020,5,2,"山梨",55,2358,55,26,29,0
2020,5,2,"長野",69,1818,69,46,23,0
2020,5,2,"岐阜",150,2404,150,65,79,6
2020,5,2,"静岡",73,2780,73,48,24,1
2020,5,2,"愛知",491,7403,491,383,75,33
2020,5,2,"三重",45,1938,45,25,19,1
2020,5,2,"滋賀",96,1314,96,60,35,1
2020,5,2,"京都",328,4343,328,149,168,11
2020,5,2,"大阪",1658,12492,1658,1056,557,45
2020,5,2,"兵庫",654,7891,654,550,86,18
2020,5,2,"奈良",86,1605,86,47,38,1
2020,5,2,"和歌山",62,3077,62,29,31,2
2020,5,2,"鳥取",3,1092,3,2,1,0
2020,5,2,"島根",23,830,23,16,7,0
2020,5,2,"岡山",23,1131,23,13,10,0
2020,5,2,"広島",161,5037,161,130,29,2
2020,5,2,"山口",34,1290,34,10,24,0
2020,5,2,"徳島",5,469,5,1,3,1
2020,5,2,"香川",28,1643,28,21,7,0
2020,5,2,"愛媛",47,1116,47,17,27,3
2020,5,2,"高知",74,1461,74,22,49,3
2020,5,2,"福岡",648,9400,648,460,171,17
2020,5,2,"佐賀",42,1077,42,35,7,0
2020,5,2,"長崎",17,2050,17,7,9,1
2020,5,2,"熊本",47,3178,47,33,13,1
2020,5,2,"大分",60,3175,60,28,31,1
2020,5,2,"宮崎",17,1122,17,6,11,0
2020,5,2,"鹿児島",10,1287,10,6,4,0
2020,5,2,"沖縄",142,2211,142,114,24,4
2020,5,3,"北海道",847,7054,847,566,248,33
2020,5,3,"青森",26,643,26,12,14,0
2020,5,3,"岩手",0,363,0,0,0,0
2020,5,3,"宮城",88,1910,88,27,61,0
2020,5,3,"秋田",16,852,16,3,13,0
2020,5,3,"山形",68,2246,68,15,53,0
2020,5,3,"福島",78,1844,78,59,19,0
2020,5,3,"茨城",165,4835,165,113,45,7
2020,5,3,"栃木",54,2015,54,38,16,0
2020,5,3,"群馬",146,1654,146,94,36,16
2020,5,3,"埼玉",888,8939,888,809,54,25
2020,5,3,"千葉",828,6374,828,697,105,26
2020,5,3,"東京都",4568,11691,0,0,0,0
2020,5,3,"神奈川",1101,6002,1101,882,184,35
2020,5,3,"新潟",77,3044,77,45,32,0
2020,5,3,"富山",212,2392,212,165,37,10
2020,5,3,"石川",264,1977,264,228,23,13
2020,5,3,"福井",122,1771,122,39,75,8
2020,5,3,"山梨",56,2358,56,27,29,0
2020,5,3,"長野",70,1818,70,47,23,0
2020,5,3,"岐阜",150,2404,150,65,79,6
2020,5,3,"静岡",73,2780,73,48,24,1
2020,5,3,"愛知",492,7463,492,383,75,34
2020,5,3,"三重",45,1938,45,25,19,1
2020,5,3,"滋賀",96,1314,96,60,35,1
2020,5,3,"京都",331,4343,331,144,176,11
2020,5,3,"大阪",1669,12492,1669,1045,575,49
2020,5,3,"兵庫",667,8052,667,559,90,18
2020,5,3,"奈良",87,1605,87,48,38,1
2020,5,3,"和歌山",62,3077,62,25,35,2
2020,5,3,"鳥取",3,1103,3,2,1,0
2020,5,3,"島根",24,830,24,17,7,0
2020,5,3,"岡山",23,1131,23,13,10,0
2020,5,3,"広島",162,5062,162,125,35,2
2020,5,3,"山口",35,1290,35,11,24,0
2020,5,3,"徳島",5,469,5,1,3,1
2020,5,3,"香川",28,1711,28,19,9,0
2020,5,3,"愛媛",48,1116,48,14,31,3
2020,5,3,"高知",74,1496,74,22,49,3
2020,5,3,"福岡",648,9400,648,453,173,22
2020,5,3,"佐賀",44,1077,44,35,9,0
2020,5,3,"長崎",17,2050,17,6,10,1
2020,5,3,"熊本",47,3178,47,32,13,2
2020,5,3,"大分",60,3175,60,27,32,1
2020,5,3,"宮崎",17,1122,17,6,11,0
2020,5,3,"鹿児島",10,1287,10,6,4,0
2020,5,3,"沖縄",142,2211,142,114,24,4
2020,5,4,"北海道",847,7054,879,589,254,36
2020,5,4,"青森",26,643,26,12,14,0
2020,5,4,"岩手",0,363,0,0,0,0
2020,5,4,"宮城",88,1910,88,27,61,0
2020,5,4,"秋田",16,852,16,3,13,0
2020,5,4,"山形",68,2246,69,15,54,0
2020,5,4,"福島",78,1844,78,59,19,0
2020,5,4,"茨城",165,4835,167,98,61,8
2020,5,4,"栃木",54,2015,54,32,22,0
2020,5,4,"群馬",146,1654,146,94,36,16
2020,5,4,"埼玉",888,8939,894,814,54,26
2020,5,4,"千葉",828,6374,834,697,111,26
2020,5,4,"東京都",4568,11691,0,0,0,0
2020,5,4,"神奈川",1101,6002,1111,886,185,40
2020,5,4,"新潟",77,3044,77,45,32,0
2020,5,4,"富山",212,2392,212,165,37,10
2020,5,4,"石川",264,1977,267,231,23,13
2020,5,4,"福井",122,1771,122,36,78,8
2020,5,4,"山梨",56,2358,56,27,29,0
2020,5,4,"長野",70,1818,72,44,28,0
2020,5,4,"岐阜",150,2404,150,63,81,6
2020,5,4,"静岡",73,2780,73,48,24,1
2020,5,4,"愛知",492,7463,495,386,75,34
2020,5,4,"三重",45,1938,45,25,19,1
2020,5,4,"滋賀",96,1314,98,62,35,1
2020,5,4,"京都",331,4343,334,147,176,11
2020,5,4,"大阪",1669,12492,1682,1054,576,52
2020,5,4,"兵庫",667,8052,667,559,90,18
2020,5,4,"奈良",87,1605,87,47,38,2
2020,5,4,"和歌山",62,3077,62,25,35,2
2020,5,4,"鳥取",3,1103,3,2,1,0
2020,5,4,"島根",24,830,24,17,7,0
2020,5,4,"岡山",23,1131,23,13,10,0
2020,5,4,"広島",162,5062,162,125,35,2
2020,5,4,"山口",35,1290,36,12,24,0
2020,5,4,"徳島",5,469,5,1,3,1
2020,5,4,"香川",28,1711,28,17,11,0
2020,5,4,"愛媛",48,1116,48,14,31,3
2020,5,4,"高知",74,1496,74,22,49,3
2020,5,4,"福岡",648,9400,649,454,173,22
2020,5,4,"佐賀",44,1077,45,35,10,0
2020,5,4,"長崎",17,2050,17,6,10,1
2020,5,4,"熊本",47,3178,47,32,13,2
2020,5,4,"大分",60,3175,60,27,32,1
2020,5,4,"宮崎",17,1122,17,6,11,0
2020,5,4,"鹿児島",10,1287,10,6,4,0
2020,5,4,"沖縄",142,2211,142,114,24,4
2020,5,5,"北海道",891,7054,891,562,286,43
2020,5,5,"青森",26,643,26,11,15,0
2020,5,5,"岩手",0,381,0,0,0,0
2020,5,5,"宮城",88,1910,88,23,65,0
2020,5,5,"秋田",16,852,16,3,13,0
2020,5,5,"山形",69,2246,69,15,54,0
2020,5,5,"福島",79,2071,79,45,34,0
2020,5,5,"茨城",168,4835,168,90,69,9
2020,5,5,"栃木",54,2015,54,29,25,0
2020,5,5,"群馬",146,2596,146,94,36,16
2020,5,5,"埼玉",901,9243,901,814,60,27
2020,5,5,"千葉",835,6374,835,672,136,27
2020,5,5,"東京",4727,12486,4712,2950,1612,150
2020,5,5,"神奈川",1125,6002,0,899,185,41
2020,5,5,"新潟",78,3044,78,46,32,0
2020,5,5,"富山",216,2392,216,169,37,10
2020,5,5,"石川",268,1977,268,232,23,13
2020,5,5,"福井",122,1771,122,36,78,8
2020,5,5,"山梨",56,2358,56,27,29,0
2020,5,5,"長野",72,1818,72,44,28,0
2020,5,5,"岐阜",150,2404,150,49,95,6
2020,5,5,"静岡",73,2780,73,48,24,1
2020,5,5,"愛知",498,7811,498,389,75,34
2020,5,5,"三重",45,1938,45,24,20,1
2020,5,5,"滋賀",98,1314,98,61,36,1
2020,5,5,"京都",338,4343,338,141,185,12
2020,5,5,"大阪",1689,12492,0,0,627,55
2020,5,5,"兵庫",673,8294,673,559,96,18
2020,5,5,"奈良",88,1605,88,48,38,2
2020,5,5,"和歌山",62,3077,62,22,38,2
2020,5,5,"鳥取",3,1111,3,2,1,0
2020,5,5,"島根",24,830,24,15,9,0
2020,5,5,"岡山",23,1131,23,13,10,0
2020,5,5,"広島",162,5433,162,123,37,2
2020,5,5,"山口",37,1290,37,13,24,0
2020,5,5,"徳島",5,469,5,1,3,1
2020,5,5,"香川",28,1731,28,17,11,0
2020,5,5,"愛媛",48,1116,48,13,32,3
2020,5,5,"高知",74,1506,74,22,49,3
2020,5,5,"福岡",650,9400,650,344,284,22
2020,5,5,"佐賀",45,1077,45,35,10,0
2020,5,5,"長崎",17,2050,17,6,10,1
2020,5,5,"熊本",47,3178,47,32,13,2
2020,5,5,"大分",60,3175,60,26,33,1
2020,5,5,"宮崎",17,1122,17,6,11,0
2020,5,5,"鹿児島",10,1287,10,6,4,0
2020,5,5,"沖縄",142,2211,142,114,24,4
2020,5,6,"北海道",914,7054,914,585,286,43
2020,5,6,"青森",26,643,26,11,15,0
2020,5,6,"岩手",0,384,0,0,0,0
2020,5,6,"宮城",88,1910,88,19,69,0
2020,5,6,"秋田",16,852,16,3,13,0
2020,5,6,"山形",69,2246,69,15,54,0
2020,5,6,"福島",79,2094,79,45,34,0
2020,5,6,"茨城",168,4835,168,88,71,9
2020,5,6,"栃木",54,2015,54,29,25,0
2020,5,6,"群馬",147,2596,147,84,47,16
2020,5,6,"埼玉",909,9324,909,820,62,27
2020,5,6,"千葉",837,6374,837,630,179,28
2020,5,6,"東京",4748,12814,4748,2974,1619,155
2020,5,6,"神奈川",1132,6002,1132,901,188,43
2020,5,6,"新潟",78,3044,78,46,32,0
2020,5,6,"富山",219,2392,219,172,37,10
2020,5,6,"石川",271,1977,271,212,46,13
2020,5,6,"福井",122,1771,122,30,84,8
2020,5,6,"山梨",56,2358,56,27,29,0
2020,5,6,"長野",73,1818,73,41,32,0
2020,5,6,"岐阜",150,2404,150,38,106,6
2020,5,6,"静岡",73,2780,73,30,42,1
2020,5,6,"愛知",498,7846,498,364,99,35
2020,5,6,"三重",45,1938,45,15,29,1
2020,5,6,"滋賀",98,1314,98,61,36,1
2020,5,6,"京都",341,4343,341,123,206,12
2020,5,6,"大阪",1704,12492,1704,1019,629,56
2020,5,6,"兵庫",676,8358,676,558,99,19
2020,5,6,"奈良",88,1605,88,48,38,2
2020,5,6,"和歌山",62,3077,62,17,43,2
2020,5,6,"鳥取",3,1124,3,2,1,0
2020,5,6,"島根",24,830,24,15,9,0
2020,5,6,"岡山",23,1131,23,13,10,0
2020,5,6,"広島",162,5433,162,123,37,2
2020,5,6,"山口",37,1290,37,13,24,0
2020,5,6,"徳島",5,469,5,1,3,1
2020,5,6,"香川",28,1739,28,17,11,0
2020,5,6,"愛媛",48,1116,48,13,32,3
2020,5,6,"高知",74,1520,74,22,49,3
2020,5,6,"福岡",651,9400,651,345,284,22
2020,5,6,"佐賀",45,1077,45,35,10,0
2020,5,6,"長崎",17,2050,17,6,10,1
2020,5,6,"熊本",47,3178,47,29,16,2
2020,5,6,"大分",60,3175,60,26,33,1
2020,5,6,"宮崎",17,1122,17,6,11,0
2020,5,6,"鹿児島",10,1287,10,5,5,0
2020,5,6,"沖縄",142,2312,142,114,24,4
2020,5,7,"北海道",928,7827,928,581,302,45
2020,5,7,"青森",26,714,26,11,15,0
2020,5,7,"岩手",0,387,0,0,0,0
2020,5,7,"宮城",88,2166,88,16,72,0
2020,5,7,"秋田",16,880,16,3,13,0
2020,5,7,"山形",69,2382,69,15,54,0
2020,5,7,"福島",79,2150,79,45,34,0
2020,5,7,"茨城",168,5281,168,86,73,9
2020,5,7,"栃木",54,2287,54,29,25,0
2020,5,7,"群馬",147,2911,147,82,47,18
2020,5,7,"埼玉",922,9456,922,821,73,28
2020,5,7,"千葉",842,7308,842,556,253,33
2020,5,7,"東京",4771,12879,4771,2679,1932,160
2020,5,7,"神奈川",1145,6913,1145,913,188,44
2020,5,7,"新潟",78,3238,78,46,32,0
2020,5,7,"富山",220,2392,220,172,38,10
2020,5,7,"石川",275,2175,275,216,46,13
2020,5,7,"福井",122,1964,122,30,84,8
2020,5,7,"山梨",56,2738,56,27,29,0
2020,5,7,"長野",73,2027,73,39,34,0
2020,5,7,"岐阜",150,2498,150,38,106,6
2020,5,7,"静岡",73,2792,73,30,42,1
2020,5,7,"愛知",498,7866,498,140,324,34
2020,5,7,"三重",45,2084,45,15,29,1
2020,5,7,"滋賀",98,1378,98,45,52,1
2020,5,7,"京都",347,5138,347,123,212,12
2020,5,7,"大阪",1713,14939,1713,980,674,59
2020,5,7,"兵庫",679,8516,679,560,100,19
2020,5,7,"奈良",89,1907,89,35,52,2
2020,5,7,"和歌山",62,3283,62,16,44,2
2020,5,7,"鳥取",3,1142,3,2,1,0
2020,5,7,"島根",24,888,24,14,10,0
2020,5,7,"岡山",23,1303,23,12,11,0
2020,5,7,"広島",162,5588,162,122,38,2
2020,5,7,"山口",37,1455,37,13,24,0
2020,5,7,"徳島",5,518,5,1,3,1
2020,5,7,"香川",28,1753,28,16,12,0
2020,5,7,"愛媛",48,1225,48,13,32,3
2020,5,7,"高知",74,1528,74,22,49,3
2020,5,7,"福岡",652,10020,652,346,284,22
2020,5,7,"佐賀",45,1143,45,35,10,0
2020,5,7,"長崎",17,2215,17,6,10,1
2020,5,7,"熊本",47,3313,47,29,16,2
2020,5,7,"大分",60,3349,60,26,33,1
2020,5,7,"宮崎",17,1192,17,6,11,0
2020,5,7,"鹿児島",10,1378,10,5,5,0
2020,5,7,"沖縄",142,2366,142,114,24,4
